p	maxlab	i	McSplit	MCSa1	MCSa2	ratio	maxlab_jittered
0.1	1	1	20	25	24	0.8	1.05118168136105
0.1	1	2	20	27	25	0.740740740740741	0.913187276246026
0.1	1	3	20	24	27	0.833333333333333	0.989258338417858
0.1	1	4	20	28	31	0.714285714285714	0.941185987181962
0.1	1	5	20	24	24	0.833333333333333	1.02484018118121
0.1	1	6	20	29	24	0.689655172413793	1.05859252046794
0.1	1	7	20	31	22	0.645161290322581	1.09195406297222
0.1	1	8	20	29	28	0.689655172413793	0.914838384510949
0.1	1	9	20	27	29	0.740740740740741	0.976343660289422
0.1	1	10	20	23	24	0.869565217391304	1.08245857376605
0.1	2	1	18	21	20	0.857142857142857	2.09804983399808
0.1	2	2	18	20	24	0.9	2.0034388304688
0.1	2	3	15	19	19	0.789473684210526	2.09674217388965
0.1	2	4	17	22	18	0.772727272727273	1.97926465636119
0.1	2	5	20	20	24	1	1.92683660271578
0.1	2	6	19	21	24	0.904761904761905	1.94145528031513
0.1	2	7	16	24	19	0.666666666666667	2.05755503056571
0.1	2	8	13	16	16	0.8125	2.02532456051558
0.1	2	9	20	21	24	0.952380952380952	1.94322744538076
0.1	2	10	17	21	19	0.80952380952381	2.08273108131252
0.1	3	1	15	19	17	0.789473684210526	2.98180676870979
0.1	3	2	18	19	19	0.947368421052632	3.08032573675737
0.1	3	3	18	22	17	0.818181818181818	3.02367184227332
0.1	3	4	17	18	15	0.944444444444444	2.91241036038846
0.1	3	5	17	17	17	1	2.98725690841675
0.1	3	6	16	19	18	0.842105263157895	3.06277623474598
0.1	3	7	15	15	16	1	3.00340330726467
0.1	3	8	15	19	16	0.789473684210526	2.92995007000864
0.1	3	9	17	18	16	0.944444444444444	3.08713022344746
0.1	3	10	14	16	15	0.875	3.02613811129704
0.1	4	1	14	15	13	0.933333333333333	4.04624659507535
0.1	4	2	15	16	15	0.9375	4.02887269929051
0.1	4	3	15	15	17	1	4.03342951801605
0.1	4	4	15	16	16	0.9375	3.91918612523004
0.1	4	5	18	16	15	1.125	3.94713955912739
0.1	4	6	16	17	16	0.941176470588235	4.09907627147622
0.1	4	7	15	14	14	1.07142857142857	4.08143430883065
0.1	4	8	14	14	15	1	3.91767846606672
0.1	4	9	15	14	12	1.07142857142857	3.94446085272357
0.1	4	10	17	19	16	0.894736842105263	3.92077198587358
0.1	5	1	13	14	14	0.928571428571429	4.9548489451874
0.1	5	2	12	13	12	0.923076923076923	4.9375782395713
0.1	5	3	16	16	15	1	4.90623673703521
0.1	5	4	17	16	17	1.0625	5.06713664433919
0.1	5	5	14	13	12	1.07692307692308	5.09364330107346
0.1	5	6	10	11	11	0.909090909090909	5.05351308686659
0.1	5	7	16	16	14	1	4.96842453782447
0.1	5	8	16	14	15	1.14285714285714	5.04853911176324
0.1	5	9	16	16	15	1	5.09823734494857
0.1	5	10	14	12	15	1.16666666666667	4.92062656213529
0.1	6	1	14	14	15	1	6.07379959719256
0.1	6	2	15	15	15	1	6.0038536703214
0.1	6	3	9	12	9	0.75	6.02543384423479
0.1	6	4	15	14	13	1.07142857142857	6.06568832080811
0.1	6	5	11	11	9	1	6.03777968515642
0.1	6	6	16	15	14	1.06666666666667	5.96548532182351
0.1	6	7	16	15	14	1.06666666666667	5.9212124989368
0.1	6	8	13	10	11	1.3	6.07762634516694
0.1	6	9	14	14	14	1	5.93890779465437
0.1	6	10	13	11	12	1.18181818181818	5.95958774359897
0.1	7	1	16	15	14	1.06666666666667	6.99225075491704
0.1	7	2	12	12	11	1	6.9935519400984
0.1	7	3	13	15	13	0.866666666666667	7.02196640437469
0.1	7	4	14	12	13	1.16666666666667	6.93147783977911
0.1	7	5	14	13	13	1.07692307692308	6.95269099236466
0.1	7	6	14	12	12	1.16666666666667	7.08670706935227
0.1	7	7	13	11	12	1.18181818181818	7.03823440466076
0.1	7	8	15	13	13	1.15384615384615	6.92157721878029
0.1	7	9	9	8	7	1.125	6.97827819604427
0.1	7	10	18	14	13	1.28571428571429	6.91359044597484
0.1	8	1	17	14	13	1.21428571428571	7.95991211622022
0.1	8	2	13	11	10	1.18181818181818	8.0952851365786
0.1	8	3	13	11	11	1.18181818181818	8.0740468648728
0.1	8	4	13	13	12	1	7.9520640428178
0.1	8	5	11	10	10	1.1	7.99009476923384
0.1	8	6	11	8	9	1.375	7.97377412449569
0.1	8	7	12	10	11	1.2	7.97235813550651
0.1	8	8	12	11	13	1.09090909090909	7.90802218262106
0.1	8	9	9	9	9	1	7.95903190211393
0.1	8	10	15	14	13	1.07142857142857	8.09773554434068
0.1	9	1	13	12	12	1.08333333333333	9.00758725185879
0.1	9	2	14	12	12	1.16666666666667	9.03976867021993
0.1	9	3	11	9	9	1.22222222222222	8.91781707503833
0.1	9	4	10	9	9	1.11111111111111	9.09342504581437
0.1	9	5	15	14	13	1.07142857142857	9.06841245885007
0.1	9	6	14	13	14	1.07692307692308	9.03181151072495
0.1	9	7	10	8	7	1.25	9.06890422687866
0.1	9	8	8	7	7	1.14285714285714	8.96932156030089
0.1	9	9	14	11	12	1.27272727272727	8.96689654397778
0.1	9	10	9	9	10	1	8.95494430824183
0.1	10	1	12	10	10	1.2	9.98915589321405
0.1	10	2	15	12	11	1.25	9.96865554871038
0.1	10	3	15	12	12	1.25	9.95511696869507
0.1	10	4	14	12	12	1.16666666666667	9.93452482125722
0.1	10	5	7	6	6	1.16666666666667	10.0581145368516
0.1	10	6	14	12	12	1.16666666666667	10.0187104843091
0.1	10	7	14	11	12	1.27272727272727	10.0943329055794
0.1	10	8	10	8	8	1.25	10.0696060082875
0.1	10	9	11	10	11	1.1	10.0687868401874
0.1	10	10	11	10	12	1.1	9.94485791595653
0.1	11	1	12	10	10	1.2	10.9001687700395
0.1	11	2	13	12	10	1.08333333333333	11.083629784314
0.1	11	3	11	9	10	1.22222222222222	11.0505258759484
0.1	11	4	13	10	9	1.3	11.0322766781319
0.1	11	5	14	13	11	1.07692307692308	10.9483176635578
0.1	11	6	16	14	15	1.14285714285714	11.0910531861242
0.1	11	7	11	10	10	1.1	10.9928513759281
0.1	11	8	14	11	11	1.27272727272727	10.9868206048384
0.1	11	9	13	10	10	1.3	11.0088823487982
0.1	11	10	16	13	13	1.23076923076923	10.9552747083362
0.1	12	1	15	12	12	1.25	12.0429612960666
0.1	12	2	10	9	10	1.11111111111111	12.0216613718774
0.1	12	3	11	10	9	1.1	11.9023693492636
0.1	12	4	12	10	10	1.2	12.0778990966268
0.1	12	5	15	11	11	1.36363636363636	12.0083773109131
0.1	12	6	10	9	10	1.11111111111111	11.9556699896231
0.1	12	7	13	10	11	1.3	11.9693402132485
0.1	12	8	15	11	11	1.36363636363636	11.9431020908523
0.1	12	9	11	10	9	1.1	12.0033426271752
0.1	12	10	14	12	13	1.16666666666667	11.993447592482
0.1	13	1	11	9	9	1.22222222222222	12.9755697832908
0.1	13	2	12	8	8	1.5	12.9621449484956
0.1	13	3	11	8	8	1.375	12.9542789760046
0.1	13	4	11	10	11	1.1	12.9733882477973
0.1	13	5	8	7	7	1.14285714285714	13.0634024304338
0.1	13	6	11	10	10	1.1	13.0113035418559
0.1	13	7	10	8	8	1.25	12.9950541295577
0.1	13	8	12	9	9	1.33333333333333	12.9740853012539
0.1	13	9	13	11	10	1.18181818181818	12.9541436410975
0.1	13	10	14	12	11	1.16666666666667	13.0945179281291
0.1	14	1	9	8	8	1.125	14.0658205083106
0.1	14	2	11	7	8	1.57142857142857	13.9450736399274
0.1	14	3	10	8	8	1.25	14.0458300954662
0.1	14	4	10	9	8	1.11111111111111	14.0734848613851
0.1	14	5	11	9	9	1.22222222222222	14.0403782328591
0.1	14	6	13	9	10	1.44444444444444	14.0975778454449
0.1	14	7	12	10	9	1.2	14.0484699334949
0.1	14	8	11	10	10	1.1	13.9101450403221
0.1	14	9	10	10	8	1	14.0451757769566
0.1	14	10	10	8	7	1.25	13.9435652852058
0.1	15	1	11	9	9	1.22222222222222	14.9789741738699
0.1	15	2	10	9	9	1.11111111111111	15.06198914079
0.1	15	3	10	9	9	1.11111111111111	15.086707816273
0.1	15	4	11	8	9	1.375	14.9118166884407
0.1	15	5	11	8	9	1.375	15.0594902754761
0.1	15	6	9	8	8	1.125	15.0691695728339
0.1	15	7	10	8	8	1.25	15.091062691668
0.1	15	8	8	6	6	1.33333333333333	14.9582682446111
0.1	15	9	11	9	9	1.22222222222222	14.9349140989129
0.1	15	10	9	7	8	1.28571428571429	15.0113251805771
0.1	16	1	13	11	11	1.18181818181818	16.0529212686233
0.1	16	2	10	7	7	1.42857142857143	15.9361886112485
0.1	16	3	10	8	8	1.25	15.9327057059854
0.1	16	4	8	6	6	1.33333333333333	16.032588533964
0.1	16	5	13	12	11	1.08333333333333	16.090712297475
0.1	16	6	14	10	11	1.4	16.0519979702774
0.1	16	7	10	7	8	1.42857142857143	16.0881789504085
0.1	16	8	8	7	7	1.14285714285714	15.9373098678421
0.1	16	9	11	9	9	1.22222222222222	16.096532963356
0.1	16	10	10	8	8	1.25	16.0287198702339
0.1	17	1	9	9	8	1	16.9932085357606
0.1	17	2	10	8	8	1.25	17.0184559748042
0.1	17	3	9	7	7	1.28571428571429	17.0183272988535
0.1	17	4	11	7	8	1.57142857142857	17.0891420569736
0.1	17	5	9	8	8	1.125	17.0181329048239
0.1	17	6	15	10	11	1.5	17.0515718863346
0.1	17	7	13	13	12	1	16.9481985603925
0.1	17	8	12	7	7	1.71428571428571	16.9616995833348
0.1	17	9	9	8	7	1.125	17.015769040864
0.1	17	10	11	10	8	1.1	16.9334886060562
0.1	18	1	8	7	7	1.14285714285714	17.9410617954098
0.1	18	2	14	8	9	1.75	17.9309473228641
0.1	18	3	10	7	7	1.42857142857143	17.9345926864538
0.1	18	4	7	5	5	1.4	17.9685114661232
0.1	18	5	9	8	8	1.125	17.9613357538823
0.1	18	6	13	11	11	1.18181818181818	17.9769281608518
0.1	18	7	12	9	9	1.33333333333333	17.9988519072998
0.1	18	8	14	10	10	1.4	17.9884305340238
0.1	18	9	10	7	8	1.42857142857143	17.947035159776
0.1	18	10	10	7	7	1.42857142857143	18.0775612142868
0.1	19	1	12	9	9	1.33333333333333	19.0078173485119
0.1	19	2	11	8	8	1.375	18.9979694753885
0.1	19	3	11	8	9	1.375	19.0660543687176
0.1	19	4	10	9	9	1.11111111111111	18.968156458158
0.1	19	5	9	7	7	1.28571428571429	19.0004656276666
0.1	19	6	10	7	6	1.42857142857143	18.9433399433736
0.1	19	7	10	7	8	1.42857142857143	19.0160181457177
0.1	19	8	10	11	10	0.909090909090909	18.9125411238056
0.1	19	9	8	6	6	1.33333333333333	19.0975226778071
0.1	19	10	12	9	9	1.33333333333333	19.0036665135529
0.1	20	1	9	7	7	1.28571428571429	19.9254659967497
0.1	20	2	12	9	9	1.33333333333333	20.0008924026974
0.1	20	3	13	10	10	1.3	19.9581745661795
0.1	20	4	12	9	8	1.33333333333333	19.9074688377324
0.1	20	5	10	7	8	1.42857142857143	19.9582735391799
0.1	20	6	13	7	7	1.85714285714286	19.9776089539286
0.1	20	7	8	7	7	1.14285714285714	19.9436760411598
0.1	20	8	12	9	10	1.33333333333333	19.9368467344437
0.1	20	9	10	7	7	1.42857142857143	20.0586896550376
0.1	20	10	7	7	7	1	19.9865926077124
0.2	1	1	20	26	25	0.769230769230769	1.08817340531386
0.2	1	2	20	26	30	0.769230769230769	0.916227256087586
0.2	1	3	20	35	30	0.571428571428571	0.962026523379609
0.2	1	4	20	28	26	0.714285714285714	1.07528410912491
0.2	1	5	20	37	32	0.540540540540541	1.00894663948566
0.2	1	6	20	32	30	0.625	0.934983362955973
0.2	1	7	20	30	30	0.666666666666667	0.936844969587401
0.2	1	8	20	28	29	0.714285714285714	1.09780251542106
0.2	1	9	20	31	30	0.645161290322581	1.05779644516297
0.2	1	10	20	31	28	0.645161290322581	0.910719165857881
0.2	2	1	19	27	26	0.703703703703704	1.90505430693738
0.2	2	2	19	24	22	0.791666666666667	2.03364801104181
0.2	2	3	15	22	23	0.681818181818182	2.00648946706206
0.2	2	4	19	24	22	0.791666666666667	2.09627750557847
0.2	2	5	15	22	22	0.681818181818182	1.99673526552506
0.2	2	6	19	24	22	0.791666666666667	2.09896322670393
0.2	2	7	19	22	25	0.863636363636364	2.04800726054236
0.2	2	8	17	28	26	0.607142857142857	2.0299778426066
0.2	2	9	19	25	26	0.76	1.90157005088404
0.2	2	10	13	22	21	0.590909090909091	2.00914861345664
0.2	3	1	17	21	18	0.80952380952381	3.01129394574091
0.2	3	2	19	18	18	1.05555555555556	2.93176543344744
0.2	3	3	18	20	21	0.9	2.96786291198805
0.2	3	4	18	21	19	0.857142857142857	3.04847456780262
0.2	3	5	15	22	18	0.681818181818182	3.08054491761141
0.2	3	6	17	22	21	0.772727272727273	2.98821006091312
0.2	3	7	15	21	18	0.714285714285714	3.04651501546614
0.2	3	8	15	20	22	0.75	3.05530199594796
0.2	3	9	17	22	20	0.772727272727273	2.9691198926419
0.2	3	10	15	20	20	0.75	2.96727328854613
0.2	4	1	13	14	14	0.928571428571429	3.95779962874949
0.2	4	2	18	18	18	1	3.96874042670242
0.2	4	3	13	15	15	0.866666666666667	4.04281598590314
0.2	4	4	16	16	18	1	3.92815110576339
0.2	4	5	17	16	15	1.0625	4.04844346898608
0.2	4	6	14	16	16	0.875	4.05313926343806
0.2	4	7	13	17	14	0.764705882352941	3.92784337433986
0.2	4	8	17	19	17	0.894736842105263	3.92882607695647
0.2	4	9	14	16	16	0.875	3.99615976307541
0.2	4	10	16	15	13	1.06666666666667	3.99520601322874
0.2	5	1	15	15	14	1	4.97383783310652
0.2	5	2	11	11	12	1	5.05785927432589
0.2	5	3	14	14	16	1	4.94624400837347
0.2	5	4	15	13	14	1.15384615384615	5.05266718743369
0.2	5	5	17	13	15	1.30769230769231	4.9502015476115
0.2	5	6	15	16	15	0.9375	4.94031278155744
0.2	5	7	15	15	15	1	4.95708385165781
0.2	5	8	13	13	14	1	5.09390360778198
0.2	5	9	16	15	14	1.06666666666667	4.9951377612073
0.2	5	10	15	17	15	0.882352941176471	5.01882316968404
0.2	6	1	17	15	16	1.13333333333333	5.92266781264916
0.2	6	2	15	14	14	1.07142857142857	6.08540777196176
0.2	6	3	16	13	14	1.23076923076923	5.90138885094784
0.2	6	4	17	15	14	1.13333333333333	6.0169027948752
0.2	6	5	12	15	13	0.8	5.9332142489031
0.2	6	6	14	14	13	1	6.04657541844063
0.2	6	7	13	13	13	1	6.04583268566057
0.2	6	8	17	14	14	1.21428571428571	6.05710552441888
0.2	6	9	13	12	12	1.08333333333333	5.9448656892404
0.2	6	10	16	15	14	1.06666666666667	5.91369870845228
0.2	7	1	16	12	13	1.33333333333333	7.01497388086282
0.2	7	2	14	12	10	1.16666666666667	7.03610020908527
0.2	7	3	16	12	13	1.33333333333333	6.94734627711587
0.2	7	4	15	13	13	1.15384615384615	7.02930673900992
0.2	7	5	13	13	13	1	7.00595298162662
0.2	7	6	15	12	13	1.25	6.94569813120179
0.2	7	7	15	13	10	1.15384615384615	6.97956479908899
0.2	7	8	13	12	12	1.08333333333333	6.92004076619633
0.2	7	9	12	11	11	1.09090909090909	7.01199192339554
0.2	7	10	15	12	14	1.25	6.93163747293875
0.2	8	1	17	14	13	1.21428571428571	7.9752542081289
0.2	8	2	17	12	13	1.41666666666667	7.95287749678828
0.2	8	3	11	9	9	1.22222222222222	8.01484452686273
0.2	8	4	13	11	11	1.18181818181818	8.0889318767935
0.2	8	5	15	10	14	1.5	7.93848294112831
0.2	8	6	16	12	13	1.33333333333333	8.08789447848685
0.2	8	7	13	13	11	1	7.9732540007215
0.2	8	8	14	11	11	1.27272727272727	7.97130675781518
0.2	8	9	15	12	12	1.25	8.03227194696665
0.2	8	10	12	10	11	1.2	7.97647636197507
0.2	9	1	12	9	10	1.33333333333333	8.94751133229584
0.2	9	2	9	8	10	1.125	8.90194827532396
0.2	9	3	17	12	14	1.41666666666667	8.97180057885125
0.2	9	4	11	9	8	1.22222222222222	8.92199601349421
0.2	9	5	14	10	12	1.4	8.95925684361719
0.2	9	6	16	13	13	1.23076923076923	8.9258095706813
0.2	9	7	13	10	10	1.3	8.941283207573
0.2	9	8	13	12	12	1.08333333333333	9.09455947638489
0.2	9	9	9	7	7	1.28571428571429	8.956482930528
0.2	9	10	14	11	12	1.27272727272727	9.0646361161489
0.2	10	1	13	11	12	1.18181818181818	10.096997151617
0.2	10	2	11	11	9	1	10.0316778451204
0.2	10	3	15	12	10	1.25	9.99745890377089
0.2	10	4	13	10	11	1.3	10.0640038562939
0.2	10	5	13	12	11	1.08333333333333	9.91720125935972
0.2	10	6	13	9	10	1.44444444444444	10.0250231145415
0.2	10	7	12	9	10	1.33333333333333	9.95942782224156
0.2	10	8	14	11	10	1.27272727272727	9.99451290033758
0.2	10	9	9	9	9	1	9.90306352032349
0.2	10	10	10	7	7	1.42857142857143	9.9689708485268
0.2	11	1	15	12	11	1.25	11.0326850345358
0.2	11	2	14	9	11	1.55555555555556	11.001546759624
0.2	11	3	11	9	9	1.22222222222222	11.0225281373598
0.2	11	4	14	11	11	1.27272727272727	10.9315090591554
0.2	11	5	11	9	9	1.22222222222222	10.9566918159835
0.2	11	6	10	7	7	1.42857142857143	10.9465833002236
0.2	11	7	11	10	8	1.1	10.9270264489111
0.2	11	8	15	10	10	1.5	11.0863290511072
0.2	11	9	10	7	9	1.42857142857143	11.0914216236211
0.2	11	10	15	12	12	1.25	11.004761684034
0.2	12	1	12	11	11	1.09090909090909	12.0532193270046
0.2	12	2	14	9	10	1.55555555555556	11.9062771190424
0.2	12	3	14	9	10	1.55555555555556	11.999514700938
0.2	12	4	9	8	7	1.125	12.0784513423219
0.2	12	5	13	10	11	1.3	11.9568122212775
0.2	12	6	14	10	11	1.4	11.9794588002842
0.2	12	7	11	9	8	1.22222222222222	12.0079971205909
0.2	12	8	11	9	9	1.22222222222222	11.9036435982678
0.2	12	9	12	8	9	1.5	12.0890624813735
0.2	12	10	11	7	8	1.57142857142857	12.0538593656849
0.2	13	1	11	7	7	1.57142857142857	13.0418978753965
0.2	13	2	13	8	10	1.625	13.0030583556276
0.2	13	3	14	8	10	1.75	13.0149103007279
0.2	13	4	12	9	9	1.33333333333333	12.9957356265746
0.2	13	5	12	9	8	1.33333333333333	13.0772901343647
0.2	13	6	12	8	9	1.5	12.9662988334429
0.2	13	7	13	10	11	1.3	13.0975833378732
0.2	13	8	15	10	10	1.5	12.9520874442067
0.2	13	9	9	6	6	1.5	13.0399664185941
0.2	13	10	12	12	11	1	12.9321468088776
0.2	14	1	12	9	9	1.33333333333333	14.0569721804466
0.2	14	2	9	6	6	1.5	13.9073475417681
0.2	14	3	14	7	9	2	14.0355244726874
0.2	14	4	11	7	8	1.57142857142857	13.9008702991065
0.2	14	5	10	9	9	1.11111111111111	13.9004239828791
0.2	14	6	10	9	9	1.11111111111111	13.9580237322021
0.2	14	7	13	9	9	1.44444444444444	14.0719334320631
0.2	14	8	10	8	7	1.25	14.0110475557856
0.2	14	9	9	7	7	1.28571428571429	14.0127976485062
0.2	14	10	11	8	8	1.375	14.0715675984975
0.2	15	1	12	9	10	1.33333333333333	14.9202106310986
0.2	15	2	14	9	9	1.55555555555556	14.9306786900852
0.2	15	3	6	5	5	1.2	15.0576507329475
0.2	15	4	14	8	8	1.75	15.0026995630935
0.2	15	5	10	7	7	1.42857142857143	14.9208804730326
0.2	15	6	10	7	7	1.42857142857143	14.9019670558628
0.2	15	7	8	6	7	1.33333333333333	14.9445640626363
0.2	15	8	13	8	8	1.625	15.0892311590258
0.2	15	9	10	7	8	1.42857142857143	14.9460782005452
0.2	15	10	10	8	8	1.25	15.0675959060434
0.2	16	1	8	5	6	1.6	16.0516982062254
0.2	16	2	7	6	6	1.16666666666667	15.994901360292
0.2	16	3	11	8	7	1.375	16.0632664569188
0.2	16	4	13	8	8	1.625	16.0288486642297
0.2	16	5	11	7	6	1.57142857142857	16.0993313558865
0.2	16	6	10	6	7	1.66666666666667	15.9624693272635
0.2	16	7	12	8	7	1.5	15.9058677196037
0.2	16	8	10	7	7	1.42857142857143	15.970011688862
0.2	16	9	13	7	8	1.85714285714286	15.9460785685573
0.2	16	10	11	8	8	1.375	16.0343248621561
0.2	17	1	13	10	9	1.3	16.910158066405
0.2	17	2	7	5	6	1.4	16.9594553080853
0.2	17	3	12	7	6	1.71428571428571	16.9810531188734
0.2	17	4	9	8	8	1.125	16.9468944159336
0.2	17	5	10	6	6	1.66666666666667	16.9518923806958
0.2	17	6	8	7	7	1.14285714285714	17.0778189301491
0.2	17	7	9	8	8	1.125	16.9716685170773
0.2	17	8	10	9	10	1.11111111111111	16.9574351568706
0.2	17	9	14	10	8	1.4	16.9969989983365
0.2	17	10	10	8	7	1.25	16.9951039802283
0.2	18	1	12	8	9	1.5	17.9114292437676
0.2	18	2	6	5	5	1.2	18.0997317763977
0.2	18	3	12	8	7	1.5	18.0146660175174
0.2	18	4	12	8	7	1.5	18.0424824312329
0.2	18	5	7	5	5	1.4	18.0175938384607
0.2	18	6	10	6	6	1.66666666666667	18.0769045374822
0.2	18	7	11	9	8	1.22222222222222	17.9108645073138
0.2	18	8	10	6	6	1.66666666666667	18.0603911443148
0.2	18	9	8	7	8	1.14285714285714	18.0840545336716
0.2	18	10	11	7	8	1.57142857142857	18.0225004513282
0.2	19	1	8	7	7	1.14285714285714	18.9208187008742
0.2	19	2	12	8	8	1.5	18.9871947850101
0.2	19	3	12	9	8	1.33333333333333	19.0322399521712
0.2	19	4	10	6	6	1.66666666666667	18.9713218918536
0.2	19	5	12	8	8	1.5	19.0940096448176
0.2	19	6	10	6	7	1.66666666666667	19.0605705827475
0.2	19	7	11	7	7	1.57142857142857	18.9928862309549
0.2	19	8	14	7	9	2	18.9431159019936
0.2	19	9	6	3	3	2	18.9129632864147
0.2	19	10	8	6	5	1.33333333333333	19.0747168499045
0.2	20	1	9	7	7	1.28571428571429	20.0288748591207
0.2	20	2	9	7	7	1.28571428571429	20.0520585931838
0.2	20	3	9	7	6	1.28571428571429	19.9944175730459
0.2	20	4	10	6	6	1.66666666666667	20.0201287419535
0.2	20	5	8	6	6	1.33333333333333	19.9221210230608
0.2	20	6	10	6	6	1.66666666666667	19.9337888950482
0.2	20	7	7	6	7	1.16666666666667	20.0822115478571
0.2	20	8	10	7	7	1.42857142857143	19.9302162288688
0.2	20	9	10	7	7	1.42857142857143	19.9034571513068
0.2	20	10	9	8	7	1.125	19.9028642546386
0.3	1	1	20	34	35	0.588235294117647	1.07728447047994
0.3	1	2	20	36	37	0.555555555555556	0.987381642358378
0.3	1	3	20	37	36	0.540540540540541	0.991769640287384
0.3	1	4	20	29	34	0.689655172413793	0.932830184325576
0.3	1	5	20	37	38	0.540540540540541	1.04628287889063
0.3	1	6	20	31	36	0.645161290322581	0.953771345224231
0.3	1	7	20	33	34	0.606060606060606	1.01134495460428
0.3	1	8	20	35	32	0.571428571428571	1.02943741017953
0.3	1	9	20	34	35	0.588235294117647	1.09177517043427
0.3	1	10	20	36	33	0.555555555555556	0.922884395485744
0.3	2	1	19	26	24	0.730769230769231	1.91087933271192
0.3	2	2	17	23	21	0.739130434782609	1.99467454217374
0.3	2	3	15	24	22	0.625	1.98489532093517
0.3	2	4	17	24	25	0.708333333333333	1.96572299944237
0.3	2	5	16	26	22	0.615384615384615	2.07177760335617
0.3	2	6	18	28	26	0.642857142857143	1.98023989889771
0.3	2	7	19	27	28	0.703703703703704	2.09783911234699
0.3	2	8	20	29	26	0.689655172413793	2.00826899269596
0.3	2	9	20	26	27	0.769230769230769	2.00199943548068
0.3	2	10	18	21	22	0.857142857142857	2.01114200339653
0.3	3	1	18	22	20	0.818181818181818	3.03685599151067
0.3	3	2	15	19	20	0.789473684210526	3.03373819263652
0.3	3	3	20	22	21	0.909090909090909	3.00892050638795
0.3	3	4	17	21	18	0.80952380952381	3.05252233142965
0.3	3	5	15	20	20	0.75	3.01115757832304
0.3	3	6	17	19	19	0.894736842105263	2.97839640895836
0.3	3	7	19	21	20	0.904761904761905	2.95821848041378
0.3	3	8	19	23	20	0.826086956521739	3.02237490182742
0.3	3	9	19	19	22	1	3.00341905355454
0.3	3	10	18	21	21	0.857142857142857	2.91420109285973
0.3	4	1	12	12	14	1	4.04686761489138
0.3	4	2	15	16	16	0.9375	4.00569143737666
0.3	4	3	16	18	17	0.888888888888889	3.93577521485277
0.3	4	4	17	17	19	1	3.93494254667312
0.3	4	5	17	19	16	0.894736842105263	4.03703499450348
0.3	4	6	15	17	17	0.882352941176471	4.04594326834194
0.3	4	7	17	16	17	1.0625	4.00939729991369
0.3	4	8	14	15	16	0.933333333333333	4.0500541256275
0.3	4	9	17	17	16	1	4.09590693241917
0.3	4	10	15	14	13	1.07142857142857	3.92529736491851
0.3	5	1	17	16	16	1.0625	5.0542254185304
0.3	5	2	13	13	12	1	5.06750273993239
0.3	5	3	15	13	15	1.15384615384615	5.0014106655959
0.3	5	4	17	14	14	1.21428571428571	4.95201392876916
0.3	5	5	17	14	17	1.21428571428571	5.05958956107497
0.3	5	6	14	14	16	1	5.08521376796998
0.3	5	7	13	16	14	0.8125	4.9227425489109
0.3	5	8	16	15	15	1.06666666666667	4.97160542500205
0.3	5	9	14	16	13	0.875	5.08435673979111
0.3	5	10	13	15	14	0.866666666666667	5.04898517061956
0.3	6	1	13	11	12	1.18181818181818	5.98080823151395
0.3	6	2	14	12	11	1.16666666666667	5.97530999975279
0.3	6	3	10	11	11	0.909090909090909	5.93593606548384
0.3	6	4	15	15	15	1	5.90984484790824
0.3	6	5	13	13	14	1	5.92884961380623
0.3	6	6	13	13	14	1	6.08803593548946
0.3	6	7	16	15	15	1.06666666666667	5.93523209183477
0.3	6	8	13	12	11	1.08333333333333	5.94677308266982
0.3	6	9	12	12	14	1	6.02931769071147
0.3	6	10	12	14	12	0.857142857142857	6.07876369971782
0.3	7	1	13	12	13	1.08333333333333	6.90580436480232
0.3	7	2	13	10	12	1.3	6.98058312088251
0.3	7	3	15	13	12	1.15384615384615	6.92384076192975
0.3	7	4	15	11	12	1.36363636363636	7.01325553725474
0.3	7	5	15	12	13	1.25	7.03435886916705
0.3	7	6	14	12	12	1.16666666666667	7.07696219724603
0.3	7	7	10	9	9	1.11111111111111	7.04474949170835
0.3	7	8	18	13	12	1.38461538461538	7.06754783126526
0.3	7	9	13	11	11	1.18181818181818	6.91061900597997
0.3	7	10	9	9	9	1	7.01521301791072
0.3	8	1	9	10	11	0.9	8.01994703812525
0.3	8	2	14	12	13	1.16666666666667	7.92966778744012
0.3	8	3	13	11	11	1.18181818181818	8.05015730424784
0.3	8	4	16	12	12	1.33333333333333	7.91664835717529
0.3	8	5	11	10	10	1.1	8.01052987752482
0.3	8	6	15	11	12	1.36363636363636	7.96993344672956
0.3	8	7	15	12	12	1.25	7.93688448108733
0.3	8	8	14	11	13	1.27272727272727	7.99857645472512
0.3	8	9	13	11	12	1.18181818181818	7.92479424569756
0.3	8	10	14	11	11	1.27272727272727	7.92059778352268
0.3	9	1	14	11	11	1.27272727272727	9.05246734274551
0.3	9	2	13	10	9	1.3	8.94201108734123
0.3	9	3	12	9	9	1.33333333333333	9.08813869571313
0.3	9	4	14	10	12	1.4	8.93265573740937
0.3	9	5	10	9	9	1.11111111111111	8.90408590370789
0.3	9	6	10	10	11	1	9.05582007472403
0.3	9	7	11	9	10	1.22222222222222	8.99355981359258
0.3	9	8	11	7	8	1.57142857142857	9.02025991380215
0.3	9	9	12	11	10	1.09090909090909	9.03768195658922
0.3	9	10	15	11	11	1.36363636363636	8.95247558150441
0.3	10	1	12	10	10	1.2	9.92420838242397
0.3	10	2	10	7	7	1.42857142857143	10.0326761763077
0.3	10	3	14	11	11	1.27272727272727	9.94154817140661
0.3	10	4	12	10	11	1.2	9.96733441487886
0.3	10	5	13	10	11	1.3	10.0680620145984
0.3	10	6	16	11	12	1.45454545454545	10.0185487790499
0.3	10	7	15	11	12	1.36363636363636	9.98606060659513
0.3	10	8	13	11	11	1.18181818181818	10.0513252058532
0.3	10	9	11	8	9	1.375	10.039438751433
0.3	10	10	16	10	10	1.6	10.092513369536
0.3	11	1	10	8	7	1.25	10.9887693947181
0.3	11	2	12	9	9	1.33333333333333	10.9854584649671
0.3	11	3	9	7	6	1.28571428571429	11.0500945665408
0.3	11	4	14	10	9	1.4	10.9800534443464
0.3	11	5	12	9	9	1.33333333333333	10.9100244634785
0.3	11	6	14	11	10	1.27272727272727	10.9662112776656
0.3	11	7	11	7	7	1.57142857142857	10.9497230667155
0.3	11	8	13	9	10	1.44444444444444	10.9436515648384
0.3	11	9	14	9	10	1.55555555555556	11.0593486359809
0.3	11	10	14	9	9	1.55555555555556	10.9370989087038
0.3	12	1	13	10	8	1.3	12.002500177687
0.3	12	2	12	9	9	1.33333333333333	12.0172143661417
0.3	12	3	12	9	8	1.33333333333333	11.9678853498772
0.3	12	4	10	6	6	1.66666666666667	11.9436456917319
0.3	12	5	10	8	8	1.25	12.0118914720137
0.3	12	6	13	8	7	1.625	11.9073530865367
0.3	12	7	13	9	9	1.44444444444444	12.0833108095452
0.3	12	8	11	8	9	1.375	11.9243429927621
0.3	12	9	13	10	9	1.3	12.0810757465195
0.3	12	10	15	10	11	1.5	11.9412935511675
0.3	13	1	13	8	10	1.625	12.966655066004
0.3	13	2	16	9	10	1.77777777777778	12.9121543509886
0.3	13	3	13	11	11	1.18181818181818	12.9488126045093
0.3	13	4	10	7	7	1.42857142857143	12.9461155105382
0.3	13	5	10	9	9	1.11111111111111	12.9281575803179
0.3	13	6	9	7	7	1.28571428571429	12.9964807686396
0.3	13	7	12	8	8	1.5	12.9902061352972
0.3	13	8	12	6	6	2	12.9995110149495
0.3	13	9	11	7	8	1.57142857142857	12.9764798213262
0.3	13	10	13	9	11	1.44444444444444	12.9170438152272
0.3	14	1	11	8	8	1.375	13.9519775781315
0.3	14	2	13	8	8	1.625	14.0698206319008
0.3	14	3	12	9	8	1.33333333333333	14.018755875947
0.3	14	4	11	6	8	1.83333333333333	13.9001664423384
0.3	14	5	11	9	9	1.22222222222222	13.9069328679703
0.3	14	6	11	9	9	1.22222222222222	14.0569778142497
0.3	14	7	12	8	7	1.5	14.0070257537998
0.3	14	8	14	9	9	1.55555555555556	14.0492800652515
0.3	14	9	11	7	7	1.57142857142857	14.0168556650635
0.3	14	10	10	8	8	1.25	14.0073033503722
0.3	15	1	10	8	8	1.25	15.0790999493096
0.3	15	2	11	7	7	1.57142857142857	15.0976719764993
0.3	15	3	9	7	6	1.28571428571429	15.0124540946446
0.3	15	4	14	9	8	1.55555555555556	15.0411754874047
0.3	15	5	10	7	8	1.42857142857143	14.9277624691837
0.3	15	6	10	7	7	1.42857142857143	15.0649557779077
0.3	15	7	12	7	8	1.71428571428571	15.0413823431358
0.3	15	8	11	6	6	1.83333333333333	14.9135371548124
0.3	15	9	15	8	8	1.875	15.0292929630261
0.3	15	10	16	9	9	1.77777777777778	14.9954630618915
0.3	16	1	12	9	9	1.33333333333333	15.9025660748594
0.3	16	2	12	8	9	1.5	15.9703729818109
0.3	16	3	8	6	7	1.33333333333333	15.9609396398533
0.3	16	4	12	8	8	1.5	16.0906669928227
0.3	16	5	12	8	8	1.5	15.9256370375864
0.3	16	6	11	8	7	1.375	15.9592361876741
0.3	16	7	10	6	8	1.66666666666667	15.997238853341
0.3	16	8	13	9	8	1.44444444444444	16.0697545327246
0.3	16	9	10	7	8	1.42857142857143	16.0074899847154
0.3	16	10	11	6	7	1.83333333333333	16.0919415821787
0.3	17	1	12	9	7	1.33333333333333	16.9813380686101
0.3	17	2	11	6	7	1.83333333333333	17.0273982357234
0.3	17	3	11	8	7	1.375	17.0659785531461
0.3	17	4	10	7	6	1.42857142857143	17.0249173995107
0.3	17	5	13	7	9	1.85714285714286	17.0679578123149
0.3	17	6	8	5	5	1.6	17.0469117328059
0.3	17	7	8	6	6	1.33333333333333	16.9749133606907
0.3	17	8	8	5	5	1.6	16.9808068847749
0.3	17	9	13	7	8	1.85714285714286	16.9348795453552
0.3	17	10	8	5	5	1.6	17.0915734263603
0.3	18	1	9	5	6	1.8	18.0239005786367
0.3	18	2	8	6	7	1.33333333333333	18.0430425950326
0.3	18	3	8	5	5	1.6	18.0419053538702
0.3	18	4	12	8	8	1.5	17.9807383676991
0.3	18	5	10	7	7	1.42857142857143	17.9209222957958
0.3	18	6	14	8	8	1.75	17.9890180930495
0.3	18	7	15	8	9	1.875	18.0208204349503
0.3	18	8	12	8	8	1.5	18.0123186165933
0.3	18	9	8	7	7	1.14285714285714	18.0365856157616
0.3	18	10	13	7	7	1.85714285714286	18.0217136272229
0.3	19	1	10	5	5	2	19.0932836486492
0.3	19	2	10	5	5	2	19.0352905741427
0.3	19	3	10	8	9	1.25	19.0790683555882
0.3	19	4	13	8	7	1.625	18.9778704035562
0.3	19	5	12	8	6	1.5	18.950750244176
0.3	19	6	9	6	6	1.5	18.9203886149451
0.3	19	7	10	7	6	1.42857142857143	18.9756533073727
0.3	19	8	11	6	7	1.83333333333333	18.9049475032371
0.3	19	9	10	8	7	1.25	19.0769831919111
0.3	19	10	10	7	8	1.42857142857143	18.9737747561652
0.3	20	1	13	6	6	2.16666666666667	20.0518568578642
0.3	20	2	9	7	6	1.28571428571429	19.9570784016512
0.3	20	3	11	7	8	1.57142857142857	19.9000019852072
0.3	20	4	9	6	6	1.5	20.0602177384775
0.3	20	5	8	5	5	1.6	19.9689622143284
0.3	20	6	9	5	5	1.8	19.9360667016823
0.3	20	7	6	4	5	1.5	20.0122979287058
0.3	20	8	15	8	9	1.875	20.0491752641741
0.3	20	9	11	5	6	2.2	20.0757257169578
0.3	20	10	9	6	5	1.5	19.9367468349636
0.4	1	1	20	36	36	0.555555555555556	1.01402308121324
0.4	1	2	20	35	39	0.571428571428571	1.00489811720327
0.4	1	3	20	39	39	0.512820512820513	1.08521943669766
0.4	1	4	20	36	40	0.555555555555556	0.98341168910265
0.4	1	5	20	38	39	0.526315789473684	1.08410921865143
0.4	1	6	20	33	33	0.606060606060606	1.08935665213503
0.4	1	7	20	37	41	0.540540540540541	0.973558556474745
0.4	1	8	20	35	39	0.571428571428571	1.03230462977663
0.4	1	9	20	32	38	0.625	0.957058143755421
0.4	1	10	20	41	36	0.48780487804878	0.940764290420338
0.4	2	1	15	24	26	0.625	2.08749343329109
0.4	2	2	16	24	25	0.666666666666667	2.07785941893235
0.4	2	3	19	23	23	0.826086956521739	1.97803530134261
0.4	2	4	16	25	24	0.64	2.0099388143979
0.4	2	5	18	26	28	0.692307692307692	1.93146609198302
0.4	2	6	16	26	26	0.615384615384615	1.96772035872564
0.4	2	7	20	25	27	0.8	2.06764530451037
0.4	2	8	20	27	27	0.740740740740741	1.96520431316458
0.4	2	9	20	27	29	0.740740740740741	1.90622345386073
0.4	2	10	18	26	26	0.692307692307692	2.00888407612219
0.4	3	1	18	20	19	0.9	2.90002214955166
0.4	3	2	15	20	20	0.75	3.0602300003171
0.4	3	3	16	22	22	0.727272727272727	3.04146513766609
0.4	3	4	15	19	20	0.789473684210526	3.08327788286842
0.4	3	5	16	21	21	0.761904761904762	3.01596132735722
0.4	3	6	16	21	21	0.761904761904762	2.99235214656219
0.4	3	7	15	18	18	0.833333333333333	2.90962919825688
0.4	3	8	16	19	19	0.842105263157895	2.91744305710308
0.4	3	9	18	21	23	0.857142857142857	3.07562003196217
0.4	3	10	17	19	20	0.894736842105263	3.01366526661441
0.4	4	1	13	15	14	0.866666666666667	4.06698529408313
0.4	4	2	17	18	18	0.944444444444444	3.97829000977799
0.4	4	3	18	18	18	1	4.02256221361458
0.4	4	4	16	17	16	0.941176470588235	3.95894018504769
0.4	4	5	16	17	17	0.941176470588235	4.0620637062937
0.4	4	6	13	15	14	0.866666666666667	3.97350291591138
0.4	4	7	15	15	18	1	4.07432164107449
0.4	4	8	16	16	16	1	4.07958519640379
0.4	4	9	16	18	17	0.888888888888889	4.01626182934269
0.4	4	10	16	17	18	0.941176470588235	4.00268928809091
0.4	5	1	18	16	17	1.125	5.03934260150418
0.4	5	2	15	15	15	1	5.08005742072128
0.4	5	3	17	14	13	1.21428571428571	4.91256622732617
0.4	5	4	16	15	15	1.06666666666667	5.05812156801112
0.4	5	5	13	15	17	0.866666666666667	5.00240759281442
0.4	5	6	16	15	15	1.06666666666667	4.98808026071638
0.4	5	7	14	14	14	1	4.92591278427281
0.4	5	8	14	13	13	1.07692307692308	4.96038300399668
0.4	5	9	17	16	15	1.0625	4.93708778978325
0.4	5	10	14	14	14	1	5.04440906611271
0.4	6	1	13	13	12	1	5.90822924845852
0.4	6	2	14	15	14	0.933333333333333	5.99663013443351
0.4	6	3	13	13	14	1	6.08763471897691
0.4	6	4	15	12	12	1.25	6.09046418848448
0.4	6	5	16	13	13	1.23076923076923	5.90152116473764
0.4	6	6	15	13	15	1.15384615384615	6.00662478553131
0.4	6	7	14	13	14	1.07692307692308	5.97688838695176
0.4	6	8	12	11	11	1.09090909090909	6.05260169450194
0.4	6	9	15	13	13	1.15384615384615	5.95322020146996
0.4	6	10	13	13	12	1	6.08631597845815
0.4	7	1	16	13	12	1.23076923076923	7.01834207423963
0.4	7	2	12	12	11	1	6.93600718458183
0.4	7	3	10	9	9	1.11111111111111	7.08672175342217
0.4	7	4	13	10	10	1.3	7.0246452962514
0.4	7	5	15	12	11	1.25	7.05753460968845
0.4	7	6	13	11	9	1.18181818181818	6.9389741611667
0.4	7	7	13	11	12	1.18181818181818	7.06502333101816
0.4	7	8	12	10	9	1.2	7.05720473020338
0.4	7	9	14	12	13	1.16666666666667	7.07137822494842
0.4	7	10	10	10	12	1	6.95949633852579
0.4	8	1	13	11	12	1.18181818181818	7.91142379902303
0.4	8	2	15	10	11	1.5	7.90834552156739
0.4	8	3	12	11	11	1.09090909090909	8.03221458508633
0.4	8	4	10	9	9	1.11111111111111	8.0076975709293
0.4	8	5	15	12	12	1.25	8.02362619582564
0.4	8	6	15	12	13	1.25	7.98574072192423
0.4	8	7	14	10	10	1.4	7.94619379937649
0.4	8	8	14	12	12	1.16666666666667	7.92070827102289
0.4	8	9	15	13	12	1.15384615384615	7.96271836911328
0.4	8	10	13	13	12	1	7.99153284742497
0.4	9	1	14	10	10	1.4	8.94981756359339
0.4	9	2	13	12	10	1.08333333333333	8.99475063830614
0.4	9	3	13	10	11	1.3	8.98199770171195
0.4	9	4	13	10	9	1.3	9.01687353411689
0.4	9	5	11	9	8	1.22222222222222	9.09321221187711
0.4	9	6	12	9	9	1.33333333333333	8.98405775600113
0.4	9	7	15	11	12	1.36363636363636	9.09874645373784
0.4	9	8	15	9	9	1.66666666666667	8.9729887355119
0.4	9	9	14	10	10	1.4	8.90752557232045
0.4	9	10	13	8	8	1.625	8.97252933606505
0.4	10	1	13	10	9	1.3	10.0162919976283
0.4	10	2	14	11	10	1.27272727272727	10.034345896123
0.4	10	3	12	10	9	1.2	9.99823904321529
0.4	10	4	15	9	10	1.66666666666667	9.98472578688525
0.4	10	5	13	8	9	1.625	10.0331960462034
0.4	10	6	12	8	9	1.5	10.0716604209505
0.4	10	7	14	10	10	1.4	9.95294133089483
0.4	10	8	14	11	10	1.27272727272727	9.97314287996851
0.4	10	9	11	10	10	1.1	10.0455009530298
0.4	10	10	16	9	9	1.77777777777778	10.0329287774861
0.4	11	1	14	11	10	1.27272727272727	10.9124863174744
0.4	11	2	12	9	8	1.33333333333333	10.9862079076935
0.4	11	3	11	8	9	1.375	10.9323063995689
0.4	11	4	13	9	10	1.44444444444444	11.0560776428785
0.4	11	5	12	10	11	1.2	11.0430044553708
0.4	11	6	14	8	10	1.75	11.0906273353845
0.4	11	7	14	9	9	1.55555555555556	11.0585021869745
0.4	11	8	12	9	10	1.33333333333333	11.0306259119883
0.4	11	9	13	9	11	1.44444444444444	11.0662415327504
0.4	11	10	11	8	9	1.375	11.0464552968275
0.4	12	1	11	7	7	1.57142857142857	11.9370833761059
0.4	12	2	12	9	8	1.33333333333333	12.0337713675573
0.4	12	3	12	7	8	1.71428571428571	12.0293076119851
0.4	12	4	13	9	8	1.44444444444444	12.0648891031742
0.4	12	5	13	8	8	1.625	11.9557501731906
0.4	12	6	15	8	9	1.875	12.0702524328604
0.4	12	7	15	9	10	1.66666666666667	12.039695123909
0.4	12	8	13	8	8	1.625	11.9448974456638
0.4	12	9	13	8	9	1.625	12.0295313831884
0.4	12	10	9	7	8	1.28571428571429	11.9088059117086
0.4	13	1	11	7	9	1.57142857142857	13.0970265313983
0.4	13	2	11	7	7	1.57142857142857	12.9955831346102
0.4	13	3	11	8	8	1.375	13.0060415050015
0.4	13	4	14	7	7	2	13.0322091206443
0.4	13	5	12	9	10	1.33333333333333	12.9671908104792
0.4	13	6	14	8	9	1.75	12.9979371134192
0.4	13	7	13	8	7	1.625	13.0818598528393
0.4	13	8	8	7	6	1.14285714285714	12.9121105288621
0.4	13	9	10	7	6	1.42857142857143	13.0574912805576
0.4	13	10	13	7	8	1.85714285714286	12.9275489734486
0.4	14	1	11	7	7	1.57142857142857	13.9435798310675
0.4	14	2	11	7	8	1.57142857142857	14.0711918515619
0.4	14	3	7	4	4	1.75	13.9261398550123
0.4	14	4	15	8	8	1.875	13.9216155100148
0.4	14	5	12	10	8	1.2	13.9547979731578
0.4	14	6	7	4	5	1.75	13.9230648628902
0.4	14	7	11	7	7	1.57142857142857	14.0635649396107
0.4	14	8	12	8	9	1.5	13.9760978010483
0.4	14	9	8	6	7	1.33333333333333	14.0809847909957
0.4	14	10	12	8	8	1.5	13.9196497002151
0.4	15	1	12	7	8	1.71428571428571	14.9078913848847
0.4	15	2	11	6	6	1.83333333333333	14.9200320171192
0.4	15	3	9	6	6	1.5	15.0663648345508
0.4	15	4	14	8	8	1.75	15.0428796322551
0.4	15	5	10	6	6	1.66666666666667	14.9429623811971
0.4	15	6	13	9	7	1.44444444444444	14.9302970306482
0.4	15	7	14	7	8	2	14.9459829527885
0.4	15	8	12	7	7	1.71428571428571	14.9286434805486
0.4	15	9	13	9	8	1.44444444444444	14.9442248876207
0.4	15	10	9	7	7	1.28571428571429	15.0159462968353
0.4	16	1	11	7	6	1.57142857142857	15.9680671540089
0.4	16	2	9	6	6	1.5	15.9368795842398
0.4	16	3	13	9	8	1.44444444444444	15.9282712521497
0.4	16	4	9	5	6	1.8	15.984606446512
0.4	16	5	11	7	6	1.57142857142857	16.0459325208329
0.4	16	6	8	6	6	1.33333333333333	15.9939164224081
0.4	16	7	13	6	7	2.16666666666667	15.976554946648
0.4	16	8	12	8	7	1.5	15.9918120491784
0.4	16	9	10	5	5	2	15.9670096441172
0.4	16	10	9	7	6	1.28571428571429	16.0714756296016
0.4	17	1	9	6	7	1.5	16.9343092980795
0.4	17	2	12	7	7	1.71428571428571	16.9170784331392
0.4	17	3	11	7	7	1.57142857142857	16.9013055006508
0.4	17	4	10	5	6	2	17.0008691466413
0.4	17	5	8	5	6	1.6	17.0556213002186
0.4	17	6	10	9	9	1.11111111111111	17.0099001476075
0.4	17	7	12	8	8	1.5	16.9021731462795
0.4	17	8	13	7	7	1.85714285714286	17.0561103713699
0.4	17	9	11	6	6	1.83333333333333	16.9912366061471
0.4	17	10	11	6	6	1.83333333333333	17.0026675585192
0.4	18	1	13	8	8	1.625	17.9507323763799
0.4	18	2	10	6	6	1.66666666666667	17.9963285614736
0.4	18	3	12	7	7	1.71428571428571	18.0808467509225
0.4	18	4	9	6	5	1.5	18.0376610448118
0.4	18	5	9	5	5	1.8	17.979646469932
0.4	18	6	3	3	3	1	18.0471328803804
0.4	18	7	8	5	4	1.6	18.0246148817241
0.4	18	8	11	7	6	1.57142857142857	17.9432846901473
0.4	18	9	11	6	6	1.83333333333333	18.0130552544724
0.4	18	10	8	5	5	1.6	18.0516859817784
0.4	19	1	11	7	7	1.57142857142857	18.9336105514783
0.4	19	2	10	6	6	1.66666666666667	19.0317847017664
0.4	19	3	11	7	7	1.57142857142857	19.0649261334911
0.4	19	4	13	6	6	2.16666666666667	18.9544612699654
0.4	19	5	11	6	6	1.83333333333333	19.0467041906901
0.4	19	6	10	5	5	2	19.0651243005414
0.4	19	7	10	6	5	1.66666666666667	19.0800448090769
0.4	19	8	13	6	6	2.16666666666667	19.0384874301031
0.4	19	9	10	5	5	2	18.9082025167998
0.4	19	10	10	6	6	1.66666666666667	18.9311044996139
0.4	20	1	6	4	5	1.5	19.9637399306521
0.4	20	2	6	4	4	1.5	20.0803866558708
0.4	20	3	13	8	7	1.625	19.9834731583018
0.4	20	4	11	6	6	1.83333333333333	20.009543127194
0.4	20	5	10	6	5	1.66666666666667	19.9355943565723
0.4	20	6	11	6	6	1.83333333333333	19.9497630506288
0.4	20	7	8	5	5	1.6	20.0511400490999
0.4	20	8	8	5	5	1.6	20.0861866295803
0.4	20	9	9	5	6	1.8	19.9834737867583
0.4	20	10	11	6	6	1.83333333333333	20.092186126858
0.5	1	1	20	42	47	0.476190476190476	1.03521385472268
0.5	1	2	20	41	42	0.48780487804878	1.07328437208198
0.5	1	3	20	41	41	0.48780487804878	0.913772001909092
0.5	1	4	20	36	40	0.555555555555556	0.982829088764265
0.5	1	5	20	40	39	0.5	0.96747447354719
0.5	1	6	20	42	42	0.476190476190476	1.02869672668166
0.5	1	7	20	40	39	0.5	0.911989266984165
0.5	1	8	20	39	46	0.512820512820513	0.93800338357687
0.5	1	9	20	42	42	0.476190476190476	0.916006542975083
0.5	1	10	20	38	38	0.526315789473684	1.0962904907763
0.5	2	1	16	25	28	0.64	1.95277492054738
0.5	2	2	18	27	28	0.666666666666667	1.91817647400312
0.5	2	3	18	27	26	0.666666666666667	1.99966622851789
0.5	2	4	12	22	21	0.545454545454545	1.93261867617257
0.5	2	5	19	24	27	0.791666666666667	2.07230561822653
0.5	2	6	19	27	26	0.703703703703704	1.94972059829161
0.5	2	7	20	24	25	0.833333333333333	2.00458881626837
0.5	2	8	19	30	28	0.633333333333333	2.03177478336729
0.5	2	9	12	24	21	0.5	1.9932466307655
0.5	2	10	16	28	26	0.571428571428571	1.93008644189686
0.5	3	1	16	20	19	0.8	2.95568993026391
0.5	3	2	16	21	21	0.761904761904762	2.9173255935777
0.5	3	3	18	20	20	0.9	3.04500845349394
0.5	3	4	14	19	20	0.736842105263158	3.08919698093086
0.5	3	5	13	19	20	0.684210526315789	2.99251704369672
0.5	3	6	19	20	19	0.95	3.05478721414693
0.5	3	7	15	22	23	0.681818181818182	2.92134888223372
0.5	3	8	16	19	22	0.842105263157895	2.93865122902207
0.5	3	9	16	21	22	0.761904761904762	2.93624363038689
0.5	3	10	19	22	24	0.863636363636364	3.01717631123029
0.5	4	1	17	16	17	1.0625	4.07090924479999
0.5	4	2	19	16	18	1.1875	4.05796208274551
0.5	4	3	16	17	17	0.941176470588235	4.07503625480458
0.5	4	4	13	16	16	0.8125	4.05860500098206
0.5	4	5	17	18	19	0.944444444444444	4.05993356425315
0.5	4	6	18	17	18	1.05882352941176	3.95959919882007
0.5	4	7	17	16	17	1.0625	4.04797141845338
0.5	4	8	14	15	15	0.933333333333333	3.91464809565805
0.5	4	9	13	16	14	0.8125	4.01705923876725
0.5	4	10	15	18	18	0.833333333333333	3.93687330074608
0.5	5	1	13	12	14	1.08333333333333	4.98894815361127
0.5	5	2	14	13	13	1.07692307692308	4.90753635247238
0.5	5	3	19	16	17	1.1875	4.99778181985021
0.5	5	4	14	14	16	1	4.95808704430237
0.5	5	5	15	13	12	1.15384615384615	4.91710150064901
0.5	5	6	17	14	16	1.21428571428571	5.0317043505609
0.5	5	7	14	15	14	0.933333333333333	4.90873789428733
0.5	5	8	16	14	15	1.14285714285714	5.05629514832981
0.5	5	9	15	15	15	1	4.91548939174973
0.5	5	10	14	13	14	1.07692307692308	5.04179478688166
0.5	6	1	12	12	12	1	5.90442797411233
0.5	6	2	14	13	12	1.07692307692308	5.94544599489309
0.5	6	3	15	15	15	1	6.03048628838733
0.5	6	4	14	12	11	1.16666666666667	5.98228056919761
0.5	6	5	13	13	13	1	6.07313136854209
0.5	6	6	17	15	12	1.13333333333333	6.08669358524494
0.5	6	7	15	14	15	1.07142857142857	5.92361350962892
0.5	6	8	11	10	11	1.1	6.04832200999372
0.5	6	9	11	11	11	1	6.0876406878233
0.5	6	10	14	15	14	0.933333333333333	6.03265233733691
0.5	7	1	13	12	13	1.08333333333333	6.98755867611617
0.5	7	2	14	12	13	1.16666666666667	7.01781526277773
0.5	7	3	17	14	15	1.21428571428571	7.07257000380196
0.5	7	4	15	12	13	1.25	7.00300995106809
0.5	7	5	14	11	12	1.27272727272727	6.94942838079296
0.5	7	6	15	14	14	1.07142857142857	6.95941188950092
0.5	7	7	16	12	12	1.33333333333333	7.0038652498275
0.5	7	8	12	11	12	1.09090909090909	6.98023896999657
0.5	7	9	15	13	13	1.15384615384615	6.90772294672206
0.5	7	10	13	11	11	1.18181818181818	7.02863533222117
0.5	8	1	16	11	11	1.45454545454545	7.92467697542161
0.5	8	2	12	9	9	1.33333333333333	7.96362274643034
0.5	8	3	16	10	10	1.6	8.06364323836751
0.5	8	4	9	8	8	1.125	7.93624517838471
0.5	8	5	15	10	11	1.5	7.9932688054163
0.5	8	6	13	11	12	1.18181818181818	8.0729158624541
0.5	8	7	14	11	10	1.27272727272727	8.09974282421172
0.5	8	8	14	13	11	1.07692307692308	7.9799381562043
0.5	8	9	14	11	11	1.27272727272727	8.00657780249603
0.5	8	10	16	12	11	1.33333333333333	7.97645894354209
0.5	9	1	14	11	10	1.27272727272727	8.96834489270113
0.5	9	2	14	12	11	1.16666666666667	9.0711289849598
0.5	9	3	12	8	9	1.5	9.05154304360039
0.5	9	4	16	12	12	1.33333333333333	8.94335789773613
0.5	9	5	13	10	10	1.3	8.97432936639525
0.5	9	6	16	10	12	1.6	9.01320259803906
0.5	9	7	13	9	11	1.44444444444444	9.04704777635634
0.5	9	8	12	9	8	1.33333333333333	9.02589863482863
0.5	9	9	13	9	9	1.44444444444444	8.90276364320889
0.5	9	10	13	10	10	1.3	9.01641299151816
0.5	10	1	12	8	9	1.5	9.98585448618978
0.5	10	2	14	8	9	1.75	10.0547639177181
0.5	10	3	13	9	9	1.44444444444444	9.91898872205056
0.5	10	4	14	9	11	1.55555555555556	10.0937480882276
0.5	10	5	12	9	10	1.33333333333333	10.0665005278308
0.5	10	6	11	8	8	1.375	10.0388100618497
0.5	10	7	10	10	9	1	9.94834676766768
0.5	10	8	11	8	9	1.375	9.98258396163583
0.5	10	9	13	8	9	1.625	10.0530650700908
0.5	10	10	13	7	9	1.85714285714286	10.0390829152428
0.5	11	1	14	9	10	1.55555555555556	11.0894032713957
0.5	11	2	12	9	9	1.33333333333333	11.0339809401426
0.5	11	3	10	9	9	1.11111111111111	10.9648085354362
0.5	11	4	14	9	9	1.55555555555556	11.0495566844475
0.5	11	5	11	8	8	1.375	10.9258082607761
0.5	11	6	14	10	11	1.4	10.9683534963988
0.5	11	7	15	10	11	1.5	11.0442094387487
0.5	11	8	15	9	9	1.66666666666667	10.9602401795331
0.5	11	9	14	9	10	1.55555555555556	10.9053837620653
0.5	11	10	12	7	9	1.71428571428571	11.0056109883822
0.5	12	1	13	8	7	1.625	11.9237945242785
0.5	12	2	17	10	9	1.7	12.078166384669
0.5	12	3	12	8	7	1.5	12.0094627726357
0.5	12	4	14	8	9	1.75	12.0393044358585
0.5	12	5	12	7	8	1.71428571428571	11.905837447755
0.5	12	6	12	8	8	1.5	12.0347542621195
0.5	12	7	10	6	7	1.66666666666667	11.9269380766898
0.5	12	8	16	8	8	2	12.0842670386657
0.5	12	9	13	10	9	1.3	12.0347002870403
0.5	12	10	11	7	7	1.57142857142857	12.0575816569384
0.5	13	1	9	7	7	1.28571428571429	13.0580293110106
0.5	13	2	11	8	8	1.375	12.9275251421612
0.5	13	3	10	8	6	1.25	12.9418417128269
0.5	13	4	14	8	8	1.75	13.0310440709349
0.5	13	5	7	7	6	1	13.034311796166
0.5	13	6	11	9	8	1.22222222222222	13.0839962028898
0.5	13	7	12	8	8	1.5	13.0189154880121
0.5	13	8	11	7	7	1.57142857142857	13.046703430824
0.5	13	9	11	7	7	1.57142857142857	12.9976460615639
0.5	13	10	11	8	9	1.375	13.0890904136933
0.5	14	1	11	7	8	1.57142857142857	14.0817251382396
0.5	14	2	12	8	9	1.5	13.9725861954503
0.5	14	3	13	7	8	1.85714285714286	13.9469967798796
0.5	14	4	13	7	8	1.85714285714286	14.0102842277847
0.5	14	5	12	7	7	1.71428571428571	14.0768769064918
0.5	14	6	11	8	7	1.375	14.0712830901146
0.5	14	7	9	6	6	1.5	13.9722962799948
0.5	14	8	9	5	5	1.8	14.014136994211
0.5	14	9	13	8	8	1.625	13.9231464098673
0.5	14	10	12	7	6	1.71428571428571	13.9554289724678
0.5	15	1	12	7	7	1.71428571428571	15.0111117965542
0.5	15	2	11	6	7	1.83333333333333	14.9947600394022
0.5	15	3	11	6	6	1.83333333333333	15.0858405343257
0.5	15	4	11	7	7	1.57142857142857	15.0730181283317
0.5	15	5	13	8	7	1.625	15.0204149713274
0.5	15	6	8	5	6	1.6	14.9962285721675
0.5	15	7	11	8	8	1.375	15.0301628527697
0.5	15	8	11	8	8	1.375	15.0684683253523
0.5	15	9	12	8	7	1.5	14.9632958490867
0.5	15	10	11	7	7	1.57142857142857	14.9427724916488
0.5	16	1	9	8	7	1.125	15.9862677647732
0.5	16	2	8	6	6	1.33333333333333	15.9155371569563
0.5	16	3	11	6	6	1.83333333333333	16.0584916938096
0.5	16	4	14	8	8	1.75	15.9020922167227
0.5	16	5	9	7	7	1.28571428571429	15.9662461970001
0.5	16	6	12	9	8	1.33333333333333	15.9986319428775
0.5	16	7	10	6	6	1.66666666666667	15.9695155421272
0.5	16	8	10	7	7	1.42857142857143	15.9798321512993
0.5	16	9	10	7	7	1.42857142857143	16.0228114865255
0.5	16	10	12	8	9	1.5	15.9215730645228
0.5	17	1	10	7	6	1.42857142857143	16.9756399950944
0.5	17	2	10	7	6	1.42857142857143	17.0516319767106
0.5	17	3	11	7	7	1.57142857142857	17.0749546634033
0.5	17	4	8	6	6	1.33333333333333	16.9642135792878
0.5	17	5	10	6	6	1.66666666666667	16.9849881797563
0.5	17	6	11	8	8	1.375	16.9389619314577
0.5	17	7	9	6	6	1.5	16.9754911660217
0.5	17	8	8	5	5	1.6	17.088060040772
0.5	17	9	10	7	7	1.42857142857143	17.0707348250784
0.5	17	10	13	6	7	2.16666666666667	16.9530887417961
0.5	18	1	11	5	4	2.2	18.0549660232384
0.5	18	2	11	7	8	1.57142857142857	17.9548668994568
0.5	18	3	9	5	4	1.8	18.0161633687094
0.5	18	4	8	5	5	1.6	18.0301296301652
0.5	18	5	10	7	7	1.42857142857143	18.0383002938703
0.5	18	6	11	6	6	1.83333333333333	17.9306380723603
0.5	18	7	11	5	6	2.2	18.0235041496344
0.5	18	8	13	8	9	1.625	18.0513306134846
0.5	18	9	11	7	7	1.57142857142857	18.0764833534602
0.5	18	10	10	6	6	1.66666666666667	18.0367728056852
0.5	19	1	10	6	5	1.66666666666667	19.016035133088
0.5	19	2	10	5	6	2	19.0315329921432
0.5	19	3	12	7	7	1.71428571428571	18.9361796045676
0.5	19	4	10	6	6	1.66666666666667	19.0523514576722
0.5	19	5	12	7	7	1.71428571428571	18.9408096801024
0.5	19	6	13	6	6	2.16666666666667	18.9575540158432
0.5	19	7	13	8	8	1.625	18.977766147349
0.5	19	8	10	7	6	1.42857142857143	18.9015241055749
0.5	19	9	12	5	6	2.4	18.9201263276394
0.5	19	10	9	7	7	1.28571428571429	19.0969782200642
0.5	20	1	9	6	6	1.5	20.0973534440156
0.5	20	2	10	7	6	1.42857142857143	20.0253497106954
0.5	20	3	8	4	5	2	20.0879541295581
0.5	20	4	10	7	7	1.42857142857143	19.9396417741664
0.5	20	5	9	6	7	1.5	19.9883027282078
0.5	20	6	10	7	6	1.42857142857143	19.9918051976711
0.5	20	7	8	5	5	1.6	19.9847538991831
0.5	20	8	7	4	5	1.75	19.9988409425598
0.5	20	9	8	4	4	2	19.9524014221504
0.5	20	10	9	5	5	1.8	20.0029134153388
0.6	1	1	20	39	38	0.512820512820513	0.98899480230175
0.6	1	2	20	35	31	0.571428571428571	1.09213110469282
0.6	1	3	20	36	43	0.555555555555556	0.903511438705027
0.6	1	4	20	38	43	0.526315789473684	1.04364106846042
0.6	1	5	20	38	41	0.526315789473684	1.08756733606569
0.6	1	6	20	37	39	0.540540540540541	0.935976028582081
0.6	1	7	20	37	39	0.540540540540541	1.01123165087774
0.6	1	8	20	41	41	0.48780487804878	0.971328842360526
0.6	1	9	20	40	44	0.5	1.02808999191038
0.6	1	10	20	37	35	0.540540540540541	1.03464212701656
0.6	2	1	19	24	26	0.791666666666667	2.03206995702349
0.6	2	2	20	29	28	0.689655172413793	2.05947425914928
0.6	2	3	19	27	28	0.703703703703704	1.93848656900227
0.6	2	4	17	26	26	0.653846153846154	1.96742465854622
0.6	2	5	20	26	26	0.769230769230769	1.98011657795869
0.6	2	6	19	26	26	0.730769230769231	1.9919210924767
0.6	2	7	14	24	23	0.583333333333333	1.95217267083935
0.6	2	8	20	26	26	0.769230769230769	2.0169469577726
0.6	2	9	17	27	28	0.62962962962963	2.01139090298675
0.6	2	10	18	26	28	0.692307692307692	2.01394949643873
0.6	3	1	18	21	20	0.857142857142857	3.08078266037628
0.6	3	2	19	22	24	0.863636363636364	2.91775087285787
0.6	3	3	17	19	21	0.894736842105263	3.00447176415473
0.6	3	4	16	21	22	0.761904761904762	3.01800708025694
0.6	3	5	19	22	22	0.863636363636364	2.96471588774584
0.6	3	6	16	21	20	0.761904761904762	3.05440694694407
0.6	3	7	15	21	20	0.714285714285714	2.96008641910739
0.6	3	8	14	20	18	0.7	2.91395689304918
0.6	3	9	16	19	19	0.842105263157895	2.9901063516736
0.6	3	10	15	19	21	0.789473684210526	2.91390083325095
0.6	4	1	18	19	18	0.947368421052632	3.90038494481705
0.6	4	2	12	15	16	0.8	3.93426967244595
0.6	4	3	13	12	14	1.08333333333333	4.00604941677302
0.6	4	4	14	15	17	0.933333333333333	3.94972736048512
0.6	4	5	12	14	15	0.857142857142857	4.02408924722113
0.6	4	6	17	17	20	1	4.08484205147252
0.6	4	7	17	18	18	0.944444444444444	4.08135384810157
0.6	4	8	14	15	15	0.933333333333333	3.96494199340232
0.6	4	9	13	14	13	0.928571428571429	4.05237052328885
0.6	4	10	16	17	17	0.941176470588235	4.01216547572985
0.6	5	1	14	13	14	1.07692307692308	5.02171585857868
0.6	5	2	15	13	14	1.15384615384615	5.01277378364466
0.6	5	3	14	15	15	0.933333333333333	5.06180619960651
0.6	5	4	17	18	16	0.944444444444444	5.03474296405911
0.6	5	5	14	12	13	1.16666666666667	4.98572469023056
0.6	5	6	11	13	12	0.846153846153846	4.99931245446205
0.6	5	7	13	12	13	1.08333333333333	5.02469408446923
0.6	5	8	17	16	15	1.0625	4.92454363042489
0.6	5	9	17	14	15	1.21428571428571	5.02901968504302
0.6	5	10	11	10	11	1.1	4.91220954549499
0.6	6	1	13	12	12	1.08333333333333	6.02165076737292
0.6	6	2	18	14	14	1.28571428571429	5.9970879512839
0.6	6	3	14	13	13	1.07692307692308	6.0032109667547
0.6	6	4	14	12	12	1.16666666666667	6.06144850803539
0.6	6	5	15	14	13	1.07142857142857	5.90529208770022
0.6	6	6	12	11	11	1.09090909090909	6.05029100957327
0.6	6	7	16	14	14	1.14285714285714	6.06628614175133
0.6	6	8	13	13	13	1	6.03954469780438
0.6	6	9	15	13	13	1.15384615384615	6.00076097645797
0.6	6	10	13	13	11	1	5.90694279889576
0.6	7	1	14	13	12	1.07692307692308	7.02534268954769
0.6	7	2	15	13	13	1.15384615384615	6.94706545113586
0.6	7	3	13	12	12	1.08333333333333	7.05629577147774
0.6	7	4	12	11	9	1.09090909090909	7.01525338049978
0.6	7	5	11	10	11	1.1	7.00116942748427
0.6	7	6	13	10	11	1.3	6.93279277696274
0.6	7	7	11	11	10	1	7.01688643516973
0.6	7	8	14	11	12	1.27272727272727	6.98380117230117
0.6	7	9	11	11	10	1	7.01538267191499
0.6	7	10	14	11	11	1.27272727272727	6.97870793291368
0.6	8	1	12	9	9	1.33333333333333	8.09770552963018
0.6	8	2	14	11	12	1.27272727272727	7.97653124909848
0.6	8	3	14	11	11	1.27272727272727	7.93694563102908
0.6	8	4	12	10	10	1.2	7.92816628464498
0.6	8	5	13	12	10	1.08333333333333	7.94409863757901
0.6	8	6	15	12	14	1.25	8.00752990157343
0.6	8	7	13	9	9	1.44444444444444	8.09777446733788
0.6	8	8	12	10	10	1.2	7.92090533534065
0.6	8	9	12	10	9	1.2	8.05350014371797
0.6	8	10	14	10	10	1.4	8.09158748490736
0.6	9	1	15	11	9	1.36363636363636	9.08128323866986
0.6	9	2	16	10	11	1.6	9.09510396411642
0.6	9	3	11	9	8	1.22222222222222	8.90943862712011
0.6	9	4	14	11	12	1.27272727272727	8.9963827138301
0.6	9	5	12	8	9	1.5	8.98474419279955
0.6	9	6	10	10	9	1	8.90175925209187
0.6	9	7	13	11	12	1.18181818181818	8.97872301968746
0.6	9	8	11	10	9	1.1	9.0097983315587
0.6	9	9	13	9	10	1.44444444444444	9.00008728126995
0.6	9	10	13	10	9	1.3	9.04915231722407
0.6	10	1	13	10	10	1.3	10.0755455762614
0.6	10	2	10	8	9	1.25	10.0980771686416
0.6	10	3	14	11	9	1.27272727272727	10.0068652675487
0.6	10	4	9	8	7	1.125	9.91956051047891
0.6	10	5	13	10	9	1.3	10.046666952176
0.6	10	6	13	9	11	1.44444444444444	10.0841060454492
0.6	10	7	13	8	7	1.625	10.0365653812885
0.6	10	8	12	8	9	1.5	9.94039715565741
0.6	10	9	12	9	9	1.33333333333333	9.91144675449468
0.6	10	10	15	9	9	1.66666666666667	9.9046483786311
0.6	11	1	11	7	7	1.57142857142857	11.0331769735087
0.6	11	2	13	11	10	1.18181818181818	11.0007338836789
0.6	11	3	13	8	8	1.625	11.0738496184815
0.6	11	4	12	10	9	1.2	11.0240205434151
0.6	11	5	10	7	6	1.42857142857143	11.0761416535359
0.6	11	6	12	8	9	1.5	10.9104723587167
0.6	11	7	17	10	11	1.7	10.9257596530486
0.6	11	8	13	11	11	1.18181818181818	10.9717245799024
0.6	11	9	13	9	10	1.44444444444444	11.0391510480084
0.6	11	10	10	8	7	1.25	10.9189851398114
0.6	12	1	12	10	11	1.2	11.9248387208674
0.6	12	2	8	5	5	1.6	12.0519515680615
0.6	12	3	15	8	8	1.875	11.9443314155098
0.6	12	4	14	9	9	1.55555555555556	12.0713152756915
0.6	12	5	11	8	8	1.375	11.9020328105893
0.6	12	6	14	9	9	1.55555555555556	12.0352758873254
0.6	12	7	11	8	8	1.375	11.9048532217741
0.6	12	8	9	6	7	1.5	12.0514543434605
0.6	12	9	10	6	7	1.66666666666667	12.0614674970042
0.6	12	10	13	8	8	1.625	11.9350543816574
0.6	13	1	10	7	8	1.42857142857143	12.9155801354442
0.6	13	2	12	7	8	1.71428571428571	13.073090753844
0.6	13	3	10	8	7	1.25	12.9387754890136
0.6	13	4	13	9	9	1.44444444444444	12.9987317777239
0.6	13	5	13	9	8	1.44444444444444	12.9637771714944
0.6	13	6	11	7	6	1.57142857142857	12.9337042502128
0.6	13	7	16	10	10	1.6	13.0885482853279
0.6	13	8	11	8	8	1.375	13.0920265850145
0.6	13	9	10	7	7	1.42857142857143	13.0290789224207
0.6	13	10	13	8	9	1.625	13.0033381308429
0.6	14	1	11	8	7	1.375	14.0351193248294
0.6	14	2	14	9	7	1.55555555555556	13.9756181674544
0.6	14	3	13	8	8	1.625	14.0341986341402
0.6	14	4	13	8	9	1.625	13.9499818081036
0.6	14	5	10	7	7	1.42857142857143	13.9279242335353
0.6	14	6	13	8	8	1.625	13.9048541263212
0.6	14	7	13	7	7	1.85714285714286	14.0732006542385
0.6	14	8	10	8	9	1.25	13.9410881964955
0.6	14	9	11	6	6	1.83333333333333	14.0829061860219
0.6	14	10	8	7	7	1.14285714285714	14.0870844333433
0.6	15	1	9	5	5	1.8	15.0606395454146
0.6	15	2	9	6	7	1.5	14.9245266513899
0.6	15	3	12	7	6	1.71428571428571	15.0992963497527
0.6	15	4	10	6	7	1.66666666666667	15.0119120688643
0.6	15	5	13	7	8	1.85714285714286	15.0046286388766
0.6	15	6	13	7	7	1.85714285714286	14.9121693816502
0.6	15	7	12	8	8	1.5	15.0132882063743
0.6	15	8	9	7	6	1.28571428571429	14.9321459319908
0.6	15	9	11	7	7	1.57142857142857	14.986033029668
0.6	15	10	12	7	7	1.71428571428571	14.9317553510424
0.6	16	1	11	7	6	1.57142857142857	15.953268207144
0.6	16	2	9	6	8	1.5	15.9818201482762
0.6	16	3	12	8	8	1.5	16.0245628785342
0.6	16	4	10	7	7	1.42857142857143	16.0526229417417
0.6	16	5	10	7	7	1.42857142857143	15.9617646918632
0.6	16	6	9	6	5	1.5	16.0003715280909
0.6	16	7	9	6	5	1.5	16.0436687017791
0.6	16	8	8	6	4	1.33333333333333	15.9596559595782
0.6	16	9	12	7	7	1.71428571428571	15.9349932225421
0.6	16	10	15	9	8	1.66666666666667	16.0581240458414
0.6	17	1	8	5	5	1.6	16.9576841166243
0.6	17	2	8	6	6	1.33333333333333	16.9322985440027
0.6	17	3	10	6	6	1.66666666666667	16.9680269791745
0.6	17	4	11	5	5	2.2	16.9979554983322
0.6	17	5	11	6	7	1.83333333333333	16.9777767671272
0.6	17	6	11	7	7	1.57142857142857	16.9047508785035
0.6	17	7	11	7	7	1.57142857142857	17.0628185970709
0.6	17	8	10	6	7	1.66666666666667	17.0768717822619
0.6	17	9	10	6	7	1.66666666666667	16.9460876164958
0.6	17	10	8	6	6	1.33333333333333	16.9170910920482
0.6	18	1	12	6	5	2	18.0980576424394
0.6	18	2	9	7	7	1.28571428571429	17.9402924005873
0.6	18	3	9	5	5	1.8	18.002437114343
0.6	18	4	8	5	5	1.6	18.0531402385794
0.6	18	5	10	6	6	1.66666666666667	18.0895077782683
0.6	18	6	9	6	5	1.5	17.9536236856598
0.6	18	7	9	4	5	2.25	17.9812202299479
0.6	18	8	10	7	7	1.42857142857143	18.0924451500643
0.6	18	9	12	6	6	2	18.0376643447671
0.6	18	10	9	5	6	1.8	18.0888292123098
0.6	19	1	12	6	7	2	19.0494482295588
0.6	19	2	7	4	4	1.75	19.0356103669386
0.6	19	3	8	5	5	1.6	19.0748764275573
0.6	19	4	10	6	6	1.66666666666667	18.9909363972023
0.6	19	5	9	6	6	1.5	18.980159118399
0.6	19	6	11	6	6	1.83333333333333	18.92006914136
0.6	19	7	13	8	8	1.625	18.9115809803363
0.6	19	8	10	6	6	1.66666666666667	18.9070897037629
0.6	19	9	11	6	7	1.83333333333333	19.0219660467003
0.6	19	10	9	5	5	1.8	19.0748495788313
0.6	20	1	9	6	6	1.5	20.044470995944
0.6	20	2	11	6	6	1.83333333333333	20.046176138334
0.6	20	3	12	6	6	2	20.0537305318285
0.6	20	4	13	6	6	2.16666666666667	20.0281866094098
0.6	20	5	11	6	5	1.83333333333333	20.0958101126365
0.6	20	6	12	8	7	1.5	20.0766152205877
0.6	20	7	7	4	4	1.75	20.0837529269978
0.6	20	8	11	8	8	1.375	19.9896391738206
0.6	20	9	6	5	5	1.2	20.0237875943538
0.6	20	10	11	7	7	1.57142857142857	19.9913743822835
0.7	1	1	20	35	37	0.571428571428571	1.00814155847765
0.7	1	2	20	38	30	0.526315789473684	1.02766179400496
0.7	1	3	20	29	33	0.689655172413793	1.09372403933667
0.7	1	4	20	35	38	0.571428571428571	1.00053897164762
0.7	1	5	20	35	34	0.571428571428571	0.96196629521437
0.7	1	6	20	35	38	0.571428571428571	0.994717187713832
0.7	1	7	20	35	33	0.571428571428571	0.9808443762362
0.7	1	8	20	33	29	0.606060606060606	0.986810705112293
0.7	1	9	20	38	36	0.526315789473684	1.08763669407926
0.7	1	10	20	35	37	0.571428571428571	1.07551945620216
0.7	2	1	19	26	26	0.730769230769231	2.05152443037368
0.7	2	2	16	25	27	0.64	1.94368749721907
0.7	2	3	18	24	24	0.75	2.03070103819482
0.7	2	4	19	25	28	0.76	2.0046610721387
0.7	2	5	19	24	27	0.791666666666667	2.0276802434586
0.7	2	6	19	23	25	0.826086956521739	1.99552383827977
0.7	2	7	16	25	26	0.64	1.94210122725926
0.7	2	8	19	27	24	0.703703703703704	2.04899073704146
0.7	2	9	16	24	22	0.666666666666667	2.03439373453148
0.7	2	10	14	20	23	0.7	1.91056758873165
0.7	3	1	16	21	20	0.761904761904762	2.91863837088458
0.7	3	2	18	22	19	0.818181818181818	2.99705998506397
0.7	3	3	17	20	19	0.85	2.91706514270045
0.7	3	4	14	17	17	0.823529411764706	3.07779254289344
0.7	3	5	17	19	20	0.894736842105263	3.08593356665224
0.7	3	6	19	21	22	0.904761904761905	3.01303399610333
0.7	3	7	16	19	19	0.842105263157895	2.93613612656482
0.7	3	8	16	18	20	0.888888888888889	3.02796449945308
0.7	3	9	15	19	19	0.789473684210526	2.98819235363044
0.7	3	10	12	14	14	0.857142857142857	2.91001588110812
0.7	4	1	13	16	16	0.8125	3.96794540151022
0.7	4	2	18	20	18	0.9	3.99076449461281
0.7	4	3	14	15	15	0.933333333333333	4.06172234443948
0.7	4	4	14	16	16	0.875	3.98267401657067
0.7	4	5	12	16	13	0.75	3.94143909132108
0.7	4	6	16	18	18	0.888888888888889	3.9658155715093
0.7	4	7	12	14	15	0.857142857142857	4.06580705223605
0.7	4	8	16	18	17	0.888888888888889	3.9230911268387
0.7	4	9	16	17	16	0.941176470588235	3.90579595337622
0.7	4	10	18	19	17	0.947368421052632	3.94230871926993
0.7	5	1	18	14	15	1.28571428571429	5.04846092071384
0.7	5	2	17	15	17	1.13333333333333	5.04573092493229
0.7	5	3	16	15	14	1.06666666666667	4.91030881940387
0.7	5	4	14	15	15	0.933333333333333	4.93482589488849
0.7	5	5	18	15	14	1.2	4.95961435842328
0.7	5	6	14	14	14	1	4.92180178030394
0.7	5	7	15	13	14	1.15384615384615	5.00229070628993
0.7	5	8	16	17	15	0.941176470588235	4.95489240493625
0.7	5	9	15	16	16	0.9375	4.9388680127915
0.7	5	10	12	12	11	1	4.93665843657218
0.7	6	1	16	14	15	1.14285714285714	5.99395924983546
0.7	6	2	15	12	11	1.25	6.04328160956502
0.7	6	3	15	13	14	1.15384615384615	5.95281145549379
0.7	6	4	17	14	13	1.21428571428571	5.99873621920124
0.7	6	5	16	14	15	1.14285714285714	6.05477358964272
0.7	6	6	15	13	15	1.15384615384615	6.05041300454177
0.7	6	7	13	13	13	1	5.97142237597145
0.7	6	8	16	13	13	1.23076923076923	6.06908694077283
0.7	6	9	14	13	14	1.07692307692308	5.99804111276753
0.7	6	10	13	11	11	1.18181818181818	5.94311125036329
0.7	7	1	17	12	13	1.41666666666667	6.92363893757574
0.7	7	2	15	13	15	1.15384615384615	7.00534622743726
0.7	7	3	11	8	8	1.375	6.97452368610539
0.7	7	4	15	13	11	1.15384615384615	7.00322336126119
0.7	7	5	9	9	11	1	7.0751696058549
0.7	7	6	10	11	11	0.909090909090909	7.06215105373412
0.7	7	7	15	13	13	1.15384615384615	6.92200677064247
0.7	7	8	12	12	11	1	6.92982140001841
0.7	7	9	14	12	12	1.16666666666667	6.92847606916912
0.7	7	10	15	11	13	1.36363636363636	7.03156889695674
0.7	8	1	13	11	11	1.18181818181818	8.01651505152695
0.7	8	2	10	9	9	1.11111111111111	8.06935362396762
0.7	8	3	15	14	13	1.07142857142857	7.93185534849763
0.7	8	4	13	10	10	1.3	8.07110312869772
0.7	8	5	14	12	10	1.16666666666667	7.99373781322502
0.7	8	6	12	11	10	1.09090909090909	7.99484998951666
0.7	8	7	14	11	10	1.27272727272727	7.92065333095379
0.7	8	8	14	10	11	1.4	8.0108505954966
0.7	8	9	14	10	10	1.4	8.07329040085897
0.7	8	10	15	12	12	1.25	7.94251373424195
0.7	9	1	14	11	9	1.27272727272727	9.01737468838692
0.7	9	2	11	8	8	1.375	8.94339046687819
0.7	9	3	15	12	13	1.25	9.05062771495432
0.7	9	4	15	11	12	1.36363636363636	9.04428100581281
0.7	9	5	14	10	12	1.4	8.90914784250781
0.7	9	6	7	7	7	1	8.98048417805694
0.7	9	7	11	10	10	1.1	8.96149574136362
0.7	9	8	13	12	13	1.08333333333333	9.04646250838414
0.7	9	9	13	9	10	1.44444444444444	9.06110740602016
0.7	9	10	14	11	11	1.27272727272727	8.96470794538036
0.7	10	1	13	8	8	1.625	10.0574786386453
0.7	10	2	15	10	10	1.5	9.95989353135228
0.7	10	3	11	8	9	1.375	10.0632596880198
0.7	10	4	15	11	11	1.36363636363636	9.90399766215123
0.7	10	5	14	11	11	1.27272727272727	10.0668087090366
0.7	10	6	13	10	9	1.3	10.0130434037652
0.7	10	7	12	10	11	1.2	9.90438954532146
0.7	10	8	11	9	10	1.22222222222222	10.0444988808129
0.7	10	9	13	10	10	1.3	10.0274168102536
0.7	10	10	14	9	8	1.55555555555556	9.92805852913298
0.7	11	1	11	7	7	1.57142857142857	11.0497616002336
0.7	11	2	15	9	10	1.66666666666667	11.0523430159315
0.7	11	3	14	10	10	1.4	10.943798762653
0.7	11	4	14	10	9	1.4	10.9948944955599
0.7	11	5	11	8	8	1.375	10.9663816879969
0.7	11	6	15	10	11	1.5	11.0712348371279
0.7	11	7	9	8	9	1.125	10.908412743127
0.7	11	8	12	9	10	1.33333333333333	11.052706947783
0.7	11	9	11	7	8	1.57142857142857	11.0708497921005
0.7	11	10	16	10	10	1.6	10.9882501381449
0.7	12	1	12	8	9	1.5	11.9657327713445
0.7	12	2	14	10	11	1.4	12.0237729010172
0.7	12	3	9	6	5	1.5	12.0395276423078
0.7	12	4	14	8	8	1.75	11.9370534404647
0.7	12	5	15	9	9	1.66666666666667	11.9130238308106
0.7	12	6	14	9	9	1.55555555555556	12.0619130766951
0.7	12	7	11	8	8	1.375	11.9239375972655
0.7	12	8	7	5	6	1.4	12.058846502332
0.7	12	9	11	7	8	1.57142857142857	12.0077167743817
0.7	12	10	12	9	8	1.33333333333333	11.9734849541448
0.7	13	1	11	10	8	1.1	12.9369970212691
0.7	13	2	14	9	10	1.55555555555556	13.0496429673862
0.7	13	3	12	11	10	1.09090909090909	13.0266138086095
0.7	13	4	13	8	8	1.625	13.0559847620782
0.7	13	5	7	7	6	1	13.0424315756187
0.7	13	6	11	10	8	1.1	13.0166912658606
0.7	13	7	13	8	9	1.625	12.9073584380094
0.7	13	8	14	10	10	1.4	12.9139839631505
0.7	13	9	13	8	9	1.625	12.9492006580345
0.7	13	10	14	8	9	1.75	13.007524833316
0.7	14	1	13	8	8	1.625	13.9677567485254
0.7	14	2	12	9	8	1.33333333333333	14.0280471343547
0.7	14	3	12	7	7	1.71428571428571	13.9778180163354
0.7	14	4	13	9	10	1.44444444444444	14.0219748798292
0.7	14	5	9	6	7	1.5	14.0734560708981
0.7	14	6	10	6	6	1.66666666666667	14.0863289681729
0.7	14	7	11	8	8	1.375	13.9774424410891
0.7	14	8	12	10	8	1.2	13.9906891799998
0.7	14	9	11	9	9	1.22222222222222	14.0599616608117
0.7	14	10	10	8	7	1.25	14.0909675468691
0.7	15	1	9	8	8	1.125	14.9851488051005
0.7	15	2	11	7	8	1.57142857142857	14.9903611452784
0.7	15	3	9	8	8	1.125	14.9893260762095
0.7	15	4	9	7	7	1.28571428571429	14.9582835981622
0.7	15	5	10	7	7	1.42857142857143	15.046807680605
0.7	15	6	11	8	8	1.375	14.9926824836526
0.7	15	7	15	9	9	1.66666666666667	15.0913806635886
0.7	15	8	9	6	6	1.5	14.9976222353987
0.7	15	9	13	7	8	1.85714285714286	14.9405115142465
0.7	15	10	12	8	8	1.5	15.0880730153993
0.7	16	1	10	6	6	1.66666666666667	15.99724084544
0.7	16	2	8	6	6	1.33333333333333	15.9018465813715
0.7	16	3	11	7	7	1.57142857142857	15.9626491241623
0.7	16	4	8	7	8	1.14285714285714	15.9332385791
0.7	16	5	10	6	6	1.66666666666667	15.9314430123661
0.7	16	6	12	6	8	2	15.9152380576357
0.7	16	7	10	8	9	1.25	15.9465463882778
0.7	16	8	10	7	6	1.42857142857143	16.0830264543183
0.7	16	9	10	6	6	1.66666666666667	15.9475551328622
0.7	16	10	11	7	8	1.57142857142857	15.9560056109913
0.7	17	1	10	7	6	1.42857142857143	17.0692927579861
0.7	17	2	12	9	9	1.33333333333333	17.0923180010635
0.7	17	3	10	8	8	1.25	16.9705623770598
0.7	17	4	14	7	8	2	17.0898252523039
0.7	17	5	10	6	7	1.66666666666667	16.9256210105959
0.7	17	6	11	8	8	1.375	16.9297706758138
0.7	17	7	8	7	7	1.14285714285714	16.9963045093231
0.7	17	8	10	7	6	1.42857142857143	16.9806863813195
0.7	17	9	7	5	5	1.4	16.9045749635436
0.7	17	10	14	9	7	1.55555555555556	17.0723266530316
0.7	18	1	10	6	6	1.66666666666667	18.0562516092788
0.7	18	2	12	6	7	2	17.968009564979
0.7	18	3	12	8	8	1.5	18.0699083110783
0.7	18	4	9	7	7	1.28571428571429	18.0291132797953
0.7	18	5	11	7	7	1.57142857142857	18.0586033463012
0.7	18	6	8	7	7	1.14285714285714	17.9846619964577
0.7	18	7	7	5	5	1.4	18.0198953630403
0.7	18	8	9	5	5	1.8	17.9944886441808
0.7	18	9	12	7	6	1.71428571428571	17.9549852811731
0.7	18	10	8	6	5	1.33333333333333	18.0975862734485
0.7	19	1	9	6	6	1.5	18.9361557126045
0.7	19	2	11	6	6	1.83333333333333	19.0750283746514
0.7	19	3	8	6	6	1.33333333333333	19.065228183521
0.7	19	4	14	6	6	2.33333333333333	19.06961277714
0.7	19	5	10	6	6	1.66666666666667	19.0879591043573
0.7	19	6	10	5	5	2	18.971069342969
0.7	19	7	13	7	7	1.85714285714286	18.9888738446403
0.7	19	8	6	4	4	1.5	18.9219832582399
0.7	19	9	7	6	5	1.16666666666667	18.9325262616854
0.7	19	10	8	5	4	1.6	18.9442961570807
0.7	20	1	9	5	5	1.8	20.0335199427791
0.7	20	2	8	5	5	1.6	20.086252321722
0.7	20	3	7	5	6	1.4	20.0789511320647
0.7	20	4	9	5	5	1.8	19.9942405330017
0.7	20	5	11	7	7	1.57142857142857	20.0287763868459
0.7	20	6	12	8	7	1.5	20.0691772824619
0.7	20	7	6	4	4	1.5	19.9539749734104
0.7	20	8	11	8	9	1.375	19.9093794014771
0.7	20	9	8	6	6	1.33333333333333	20.046453126939
0.7	20	10	12	6	7	2	20.0855458274949
0.8	1	1	20	32	31	0.625	1.0322918897029
0.8	1	2	20	32	27	0.625	0.932590412627906
0.8	1	3	20	35	31	0.571428571428571	1.03166019869968
0.8	1	4	20	33	30	0.606060606060606	1.05421976768412
0.8	1	5	20	37	31	0.540540540540541	0.920575017901137
0.8	1	6	20	32	29	0.625	0.939701250381768
0.8	1	7	20	32	29	0.625	0.973858104692772
0.8	1	8	20	31	31	0.645161290322581	1.09219515300356
0.8	1	9	20	32	30	0.625	0.967914107721299
0.8	1	10	20	33	31	0.606060606060606	0.934015646856278
0.8	2	1	19	24	23	0.791666666666667	1.95962728350423
0.8	2	2	18	25	25	0.72	1.93678710949607
0.8	2	3	18	22	24	0.818181818181818	2.07383105023764
0.8	2	4	19	25	23	0.76	1.92437789733522
0.8	2	5	19	25	25	0.76	1.90360853644088
0.8	2	6	18	22	25	0.818181818181818	2.05672354074195
0.8	2	7	19	25	26	0.76	1.90194122400135
0.8	2	8	17	23	23	0.739130434782609	2.0800889511127
0.8	2	9	19	27	23	0.703703703703704	1.98144518565387
0.8	2	10	17	25	24	0.68	1.94553718995303
0.8	3	1	16	18	19	0.888888888888889	2.97235243977048
0.8	3	2	16	20	19	0.8	2.97670771288686
0.8	3	3	13	17	15	0.764705882352941	2.95993701750413
0.8	3	4	19	19	20	1	3.09654770349152
0.8	3	5	14	17	17	0.823529411764706	3.03386920024641
0.8	3	6	16	18	19	0.888888888888889	3.07854208205827
0.8	3	7	18	17	19	1.05882352941176	2.94756891964935
0.8	3	8	17	21	19	0.80952380952381	2.97648591464385
0.8	3	9	16	18	22	0.888888888888889	3.06121015329845
0.8	3	10	16	21	21	0.761904761904762	2.99505781796761
0.8	4	1	17	20	17	0.85	4.0760963216424
0.8	4	2	17	16	15	1.0625	4.00758119169623
0.8	4	3	17	21	18	0.80952380952381	4.07934167655185
0.8	4	4	17	18	16	0.944444444444444	3.93189353127964
0.8	4	5	13	14	15	0.928571428571429	4.03730819285847
0.8	4	6	15	18	18	0.833333333333333	4.07459310293198
0.8	4	7	15	16	17	0.9375	4.01475145770237
0.8	4	8	15	19	17	0.789473684210526	4.07756535685621
0.8	4	9	15	16	17	0.9375	3.98891948587261
0.8	4	10	16	19	17	0.842105263157895	4.02236993690021
0.8	5	1	14	15	15	0.933333333333333	4.95566902644932
0.8	5	2	16	14	14	1.14285714285714	5.09390788711607
0.8	5	3	15	14	15	1.07142857142857	5.07709121010266
0.8	5	4	16	16	15	1	5.02448020381853
0.8	5	5	17	14	17	1.21428571428571	4.98697628411464
0.8	5	6	16	18	13	0.888888888888889	5.00972580513917
0.8	5	7	16	15	17	1.06666666666667	4.94326249840669
0.8	5	8	15	13	15	1.15384615384615	5.03566031549126
0.8	5	9	13	15	14	0.866666666666667	4.99928812617436
0.8	5	10	16	16	16	1	4.91616587764584
0.8	6	1	14	12	12	1.16666666666667	6.0329825099092
0.8	6	2	16	14	15	1.14285714285714	6.05781196998432
0.8	6	3	15	14	15	1.07142857142857	6.08423476568423
0.8	6	4	13	14	13	0.928571428571429	6.07813728502952
0.8	6	5	12	12	11	1	5.91901076291688
0.8	6	6	14	14	14	1	6.00296491328627
0.8	6	7	15	14	13	1.07142857142857	5.9624290232081
0.8	6	8	13	13	12	1	5.9781611432787
0.8	6	9	17	14	16	1.21428571428571	6.0728668353986
0.8	6	10	18	14	13	1.28571428571429	6.09329164843075
0.8	7	1	12	10	11	1.2	7.04736311207525
0.8	7	2	14	13	14	1.07692307692308	7.04389857677743
0.8	7	3	10	9	9	1.11111111111111	7.02078735968098
0.8	7	4	16	12	13	1.33333333333333	7.04130634190515
0.8	7	5	13	13	12	1	6.93862332841381
0.8	7	6	13	10	12	1.3	6.98713841559365
0.8	7	7	13	12	12	1.08333333333333	7.00237539582886
0.8	7	8	17	14	12	1.21428571428571	7.07831565081142
0.8	7	9	16	15	12	1.06666666666667	7.03926978064701
0.8	7	10	14	13	13	1.07692307692308	7.0654292600695
0.8	8	1	13	11	11	1.18181818181818	7.90074855941348
0.8	8	2	15	13	11	1.15384615384615	8.09917398272082
0.8	8	3	17	15	14	1.13333333333333	7.99447602806613
0.8	8	4	11	13	13	0.846153846153846	7.92327501852997
0.8	8	5	12	11	10	1.09090909090909	8.05750669171102
0.8	8	6	13	10	10	1.3	7.94379445263185
0.8	8	7	15	14	13	1.07142857142857	7.94757104059681
0.8	8	8	13	12	13	1.08333333333333	7.94516778676771
0.8	8	9	14	13	11	1.07692307692308	7.92599074300379
0.8	8	10	16	11	11	1.45454545454545	8.06577517976984
0.8	9	1	12	9	9	1.33333333333333	9.02670537778176
0.8	9	2	11	9	8	1.22222222222222	9.00696835671551
0.8	9	3	14	11	8	1.27272727272727	8.91379909128882
0.8	9	4	12	10	9	1.2	8.9350773547776
0.8	9	5	16	11	11	1.45454545454545	8.92009897259995
0.8	9	6	13	10	9	1.3	9.04936248296872
0.8	9	7	14	10	9	1.4	8.90224151299335
0.8	9	8	14	10	10	1.4	9.04386466713622
0.8	9	9	14	11	12	1.27272727272727	9.01853214837611
0.8	9	10	12	9	9	1.33333333333333	8.94182067615911
0.8	10	1	13	12	11	1.08333333333333	9.97441780855879
0.8	10	2	10	9	9	1.11111111111111	10.000069164997
0.8	10	3	14	11	10	1.27272727272727	9.99997826097533
0.8	10	4	16	11	10	1.45454545454545	10.0624379267916
0.8	10	5	13	10	11	1.3	10.0373990523629
0.8	10	6	11	7	8	1.57142857142857	10.0224876819178
0.8	10	7	11	10	10	1.1	10.0384186974727
0.8	10	8	14	9	10	1.55555555555556	9.92278112755157
0.8	10	9	13	11	10	1.18181818181818	9.99540806808509
0.8	10	10	14	11	11	1.27272727272727	10.0968382200226
0.8	11	1	10	8	7	1.25	11.0321736305021
0.8	11	2	14	11	11	1.27272727272727	10.9121957558673
0.8	11	3	14	10	9	1.4	10.9598108412232
0.8	11	4	15	11	10	1.36363636363636	11.0147977669258
0.8	11	5	12	10	9	1.2	10.9535891271662
0.8	11	6	13	10	10	1.3	11.0136361754965
0.8	11	7	11	11	10	1	10.9047592010815
0.8	11	8	10	8	7	1.25	11.0840710234828
0.8	11	9	11	9	9	1.22222222222222	11.0677397123538
0.8	11	10	12	11	10	1.09090909090909	11.0938448333181
0.8	12	1	11	8	10	1.375	12.0133728357032
0.8	12	2	12	8	8	1.5	12.0616784493439
0.8	12	3	12	9	8	1.33333333333333	11.9399811042007
0.8	12	4	12	10	10	1.2	11.971417033812
0.8	12	5	14	11	10	1.27272727272727	12.0338110602926
0.8	12	6	11	10	10	1.1	11.9881462727673
0.8	12	7	14	9	10	1.55555555555556	11.9151798059698
0.8	12	8	13	7	9	1.85714285714286	11.943211153103
0.8	12	9	14	11	11	1.27272727272727	11.9559564364608
0.8	12	10	12	10	11	1.2	12.0550672887359
0.8	13	1	11	7	8	1.57142857142857	12.9264967332594
0.8	13	2	12	9	9	1.33333333333333	12.9901578683872
0.8	13	3	9	7	7	1.28571428571429	13.0580151733011
0.8	13	4	9	8	8	1.125	13.0024225064088
0.8	13	5	14	10	10	1.4	13.04542707582
0.8	13	6	13	10	9	1.3	13.013996242499
0.8	13	7	12	9	9	1.33333333333333	13.0667345522903
0.8	13	8	9	7	7	1.28571428571429	13.0905492128339
0.8	13	9	11	8	8	1.375	12.9740982847754
0.8	13	10	12	10	10	1.2	13.0967180655338
0.8	14	1	10	7	7	1.42857142857143	14.0774985380005
0.8	14	2	14	10	10	1.4	13.9842454803176
0.8	14	3	13	9	7	1.44444444444444	14.0180154976901
0.8	14	4	11	9	9	1.22222222222222	14.0153716556728
0.8	14	5	11	9	9	1.22222222222222	14.0169745926745
0.8	14	6	13	10	11	1.3	13.955572385015
0.8	14	7	9	6	6	1.5	13.9364589299541
0.8	14	8	13	9	9	1.44444444444444	13.9511496630497
0.8	14	9	12	10	10	1.2	14.0993182188831
0.8	14	10	10	8	8	1.25	13.9643877483904
0.8	15	1	11	8	8	1.375	14.9820055516437
0.8	15	2	11	7	7	1.57142857142857	15.0197078639176
0.8	15	3	11	8	8	1.375	15.086856091395
0.8	15	4	10	8	7	1.25	14.9801787080243
0.8	15	5	10	7	7	1.42857142857143	14.9819658728316
0.8	15	6	10	8	8	1.25	15.0276219546795
0.8	15	7	7	5	5	1.4	15.0185876077507
0.8	15	8	12	8	8	1.5	15.0369370329194
0.8	15	9	12	9	9	1.33333333333333	15.0027735594194
0.8	15	10	9	7	7	1.28571428571429	15.0871639862657
0.8	16	1	11	8	9	1.375	16.051166619407
0.8	16	2	11	9	8	1.22222222222222	16.0256299234927
0.8	16	3	11	9	9	1.22222222222222	16.0919933465775
0.8	16	4	11	11	9	1	15.9338607124053
0.8	16	5	11	8	7	1.375	15.9793633211404
0.8	16	6	9	7	6	1.28571428571429	16.0868285531644
0.8	16	7	10	6	7	1.66666666666667	16.0532912344672
0.8	16	8	11	8	9	1.375	15.9251285018865
0.8	16	9	9	7	7	1.28571428571429	15.9039484022185
0.8	16	10	11	7	6	1.57142857142857	15.9288411601912
0.8	17	1	12	9	9	1.33333333333333	16.9597694086842
0.8	17	2	8	8	8	1	17.087520165788
0.8	17	3	11	7	8	1.57142857142857	17.0167481663171
0.8	17	4	9	8	7	1.125	16.9976773980074
0.8	17	5	13	8	9	1.625	17.0070845004171
0.8	17	6	12	8	8	1.5	16.9939612064045
0.8	17	7	9	7	7	1.28571428571429	17.0059110932983
0.8	17	8	9	9	8	1	17.0961024968419
0.8	17	9	10	7	8	1.42857142857143	17.0132721379399
0.8	17	10	8	7	6	1.14285714285714	16.9242780725472
0.8	18	1	10	7	7	1.42857142857143	18.0887075879145
0.8	18	2	7	6	6	1.16666666666667	17.9737598390784
0.8	18	3	11	7	8	1.57142857142857	17.9539261053782
0.8	18	4	7	5	7	1.4	18.0475128100719
0.8	18	5	9	7	7	1.28571428571429	18.0814297135919
0.8	18	6	11	7	7	1.57142857142857	18.0998698892537
0.8	18	7	8	6	6	1.33333333333333	17.9266100121196
0.8	18	8	10	7	7	1.42857142857143	17.9252802360803
0.8	18	9	9	5	6	1.8	17.9809356187005
0.8	18	10	10	8	8	1.25	17.9911855089013
0.8	19	1	12	7	7	1.71428571428571	19.0415601036046
0.8	19	2	15	8	8	1.875	19.065075750649
0.8	19	3	11	8	8	1.375	19.0551730867941
0.8	19	4	11	7	6	1.57142857142857	18.9962811069097
0.8	19	5	8	5	6	1.6	18.9471547166817
0.8	19	6	9	7	7	1.28571428571429	18.969329410186
0.8	19	7	13	8	8	1.625	19.014020651672
0.8	19	8	12	7	7	1.71428571428571	19.0812394649722
0.8	19	9	11	7	6	1.57142857142857	18.9011598116718
0.8	19	10	8	7	6	1.14285714285714	19.0072718214709
0.8	20	1	12	7	7	1.71428571428571	20.0123005488422
0.8	20	2	9	6	7	1.5	19.9169613955077
0.8	20	3	12	8	9	1.5	19.9971119501162
0.8	20	4	8	6	6	1.33333333333333	20.0226991658099
0.8	20	5	10	10	9	1	19.9529909290839
0.8	20	6	8	6	7	1.33333333333333	20.0622105967253
0.8	20	7	10	8	9	1.25	20.0491849677637
0.8	20	8	8	6	6	1.33333333333333	20.0837000797037
0.8	20	9	9	7	7	1.28571428571429	19.9794925565831
0.8	20	10	12	9	8	1.33333333333333	19.9238645541947
0.9	1	1	20	28	28	0.714285714285714	1.00584553941153
0.9	1	2	20	26	29	0.769230769230769	0.903799142269418
0.9	1	3	20	25	26	0.8	0.916347262915224
0.9	1	4	20	31	24	0.645161290322581	1.08174202269875
0.9	1	5	20	30	25	0.666666666666667	1.0194491410628
0.9	1	6	20	25	26	0.8	0.906021563149989
0.9	1	7	20	27	28	0.740740740740741	1.02755046160892
0.9	1	8	20	24	26	0.833333333333333	1.08430296992883
0.9	1	9	20	26	22	0.769230769230769	1.09448310565203
0.9	1	10	20	26	26	0.769230769230769	0.992624908406287
0.9	2	1	16	19	19	0.842105263157895	1.9439252327662
0.9	2	2	19	19	24	1	1.98646616172045
0.9	2	3	20	25	22	0.8	2.00753991720267
0.9	2	4	19	20	22	0.95	2.08166215224192
0.9	2	5	16	19	21	0.842105263157895	2.06650297315791
0.9	2	6	20	19	20	1.05263157894737	2.01259716674685
0.9	2	7	14	20	18	0.7	1.94485021042638
0.9	2	8	18	25	23	0.72	1.91743121170439
0.9	2	9	18	22	21	0.818181818181818	2.04144969391637
0.9	2	10	20	18	18	1.11111111111111	2.02668701196089
0.9	3	1	17	16	16	1.0625	3.02313755005598
0.9	3	2	16	21	19	0.761904761904762	2.99837787840515
0.9	3	3	17	19	18	0.894736842105263	2.9299824829679
0.9	3	4	16	20	16	0.8	2.98620535847731
0.9	3	5	16	17	16	0.941176470588235	3.02193122603931
0.9	3	6	16	17	19	0.941176470588235	3.02897053123452
0.9	3	7	18	19	19	0.947368421052632	3.00231008138508
0.9	3	8	17	21	16	0.80952380952381	3.00675152176991
0.9	3	9	13	17	15	0.764705882352941	3.00049789487384
0.9	3	10	16	15	16	1.06666666666667	2.9967355963774
0.9	4	1	15	15	17	1	3.9009947873652
0.9	4	2	15	14	14	1.07142857142857	4.0198419007007
0.9	4	3	16	16	15	1	3.97562587400898
0.9	4	4	14	15	13	0.933333333333333	3.92699116417207
0.9	4	5	13	14	15	0.928571428571429	4.09335792786442
0.9	4	6	17	18	17	0.944444444444444	4.03347719716839
0.9	4	7	16	19	18	0.842105263157895	3.97888652035035
0.9	4	8	19	16	18	1.1875	4.04471691008657
0.9	4	9	17	17	19	1	3.95974924867041
0.9	4	10	17	16	17	1.0625	4.05197084657848
0.9	5	1	15	15	16	1	4.99537472301163
0.9	5	2	16	18	15	0.888888888888889	5.05321857742965
0.9	5	3	15	16	16	0.9375	4.97491905200295
0.9	5	4	16	16	13	1	4.91808499754407
0.9	5	5	18	15	15	1.2	5.09493985385634
0.9	5	6	16	16	16	1	5.05195618448779
0.9	5	7	15	14	15	1.07142857142857	4.96804871335626
0.9	5	8	15	14	14	1.07142857142857	5.05749397636391
0.9	5	9	17	18	16	0.944444444444444	5.08465056377463
0.9	5	10	13	12	12	1.08333333333333	4.97579676047899
0.9	6	1	12	11	11	1.09090909090909	6.06347053898498
0.9	6	2	15	14	14	1.07142857142857	5.90736197857186
0.9	6	3	12	11	14	1.09090909090909	5.99507191041485
0.9	6	4	12	12	11	1	5.9128207906615
0.9	6	5	15	17	15	0.882352941176471	6.01476961979643
0.9	6	6	13	12	12	1.08333333333333	6.08505121320486
0.9	6	7	12	12	9	1	6.05018632761203
0.9	6	8	14	12	16	1.16666666666667	5.98417470785789
0.9	6	9	15	14	15	1.07142857142857	6.04295863779262
0.9	6	10	14	13	12	1.07692307692308	6.09064269848168
0.9	7	1	13	12	12	1.08333333333333	6.94717570510693
0.9	7	2	14	11	12	1.27272727272727	7.09156802468933
0.9	7	3	16	13	11	1.23076923076923	7.00840213727206
0.9	7	4	15	13	13	1.15384615384615	7.04716126662679
0.9	7	5	16	13	12	1.23076923076923	7.06403351160698
0.9	7	6	14	12	12	1.16666666666667	7.03200886677951
0.9	7	7	14	12	13	1.16666666666667	6.91481113745831
0.9	7	8	16	13	12	1.23076923076923	7.05809280001558
0.9	7	9	13	11	11	1.18181818181818	6.97912521017715
0.9	7	10	11	11	11	1	7.04208331988193
0.9	8	1	15	11	11	1.36363636363636	7.95461194696836
0.9	8	2	13	12	12	1.08333333333333	7.91886024442501
0.9	8	3	14	12	13	1.16666666666667	8.00553337312303
0.9	8	4	14	9	11	1.55555555555556	7.91776720504276
0.9	8	5	14	13	13	1.07692307692308	7.95454396689311
0.9	8	6	13	12	11	1.08333333333333	8.09063612227328
0.9	8	7	12	12	12	1	8.02275366033427
0.9	8	8	12	10	11	1.2	8.00212364718318
0.9	8	9	13	10	10	1.3	8.08274487396702
0.9	8	10	11	11	10	1	7.92275967812166
0.9	9	1	14	9	10	1.55555555555556	9.08466347828507
0.9	9	2	12	13	12	0.923076923076923	9.00389487105422
0.9	9	3	12	10	10	1.2	8.91359568331391
0.9	9	4	15	13	12	1.15384615384615	9.06149161611684
0.9	9	5	13	10	12	1.3	9.00354482331313
0.9	9	6	12	10	10	1.2	8.92013306342997
0.9	9	7	13	9	9	1.44444444444444	8.9668890631292
0.9	9	8	12	11	11	1.09090909090909	8.95653849844821
0.9	9	9	10	9	9	1.11111111111111	9.04794587092474
0.9	9	10	12	10	10	1.2	8.90311768725514
0.9	10	1	16	15	13	1.06666666666667	9.98578114332631
0.9	10	2	9	9	8	1	9.98260011505335
0.9	10	3	14	11	11	1.27272727272727	10.0016846492421
0.9	10	4	15	12	11	1.25	9.98494035131298
0.9	10	5	14	12	12	1.16666666666667	9.98474506041966
0.9	10	6	14	11	10	1.27272727272727	9.93009470342658
0.9	10	7	10	12	10	0.833333333333333	9.94475700007752
0.9	10	8	14	13	12	1.07692307692308	9.90447946228087
0.9	10	9	12	9	9	1.33333333333333	9.92075671236962
0.9	10	10	15	15	13	1	10.0935509377625
0.9	11	1	12	12	10	1	10.9819341254886
0.9	11	2	11	11	10	1	11.030556290783
0.9	11	3	12	10	11	1.2	11.0270350480918
0.9	11	4	12	12	12	1	10.9634866725188
0.9	11	5	6	5	5	1.2	11.0789261880796
0.9	11	6	12	10	9	1.2	10.9485503152478
0.9	11	7	9	8	8	1.125	10.9645466261543
0.9	11	8	12	11	10	1.09090909090909	10.9493894091342
0.9	11	9	11	10	11	1.1	11.0391440300737
0.9	11	10	13	11	11	1.18181818181818	11.0954084259924
0.9	12	1	13	10	10	1.3	12.0007223278284
0.9	12	2	14	11	10	1.27272727272727	11.9270696888212
0.9	12	3	15	9	9	1.66666666666667	11.9245511940215
0.9	12	4	11	10	11	1.1	12.0766723866109
0.9	12	5	12	10	12	1.2	12.0299670728855
0.9	12	6	16	13	13	1.23076923076923	11.9007399045862
0.9	12	7	12	9	9	1.33333333333333	11.9740416873246
0.9	12	8	11	8	8	1.375	12.0931598514784
0.9	12	9	11	9	10	1.22222222222222	11.9045640295371
0.9	12	10	14	11	13	1.27272727272727	11.9702218976337
0.9	13	1	12	10	10	1.2	12.9535817597061
0.9	13	2	11	9	9	1.22222222222222	13.0297202457208
0.9	13	3	15	11	12	1.36363636363636	13.0190976770595
0.9	13	4	13	11	9	1.18181818181818	13.045885043079
0.9	13	5	12	9	9	1.33333333333333	12.9936772917397
0.9	13	6	12	12	10	1	13.0577355680522
0.9	13	7	10	9	9	1.11111111111111	13.014516230952
0.9	13	8	10	8	8	1.25	12.9636159112211
0.9	13	9	12	10	8	1.2	12.984647670202
0.9	13	10	10	9	8	1.11111111111111	12.920005985396
0.9	14	1	13	10	10	1.3	13.9479737409856
0.9	14	2	11	9	9	1.22222222222222	14.0996149295475
0.9	14	3	11	9	9	1.22222222222222	14.0341740879696
0.9	14	4	13	13	12	1	14.0407460150309
0.9	14	5	7	7	6	1	14.0623852103483
0.9	14	6	9	7	7	1.28571428571429	14.0191177978646
0.9	14	7	12	10	10	1.2	13.9908255690243
0.9	14	8	12	8	9	1.5	14.0654547350015
0.9	14	9	9	6	7	1.5	14.0893206256442
0.9	14	10	10	7	8	1.42857142857143	13.9325838548597
0.9	15	1	11	8	9	1.375	14.9393739150837
0.9	15	2	7	7	7	1	15.0125207292382
0.9	15	3	9	6	6	1.5	14.9989444263279
0.9	15	4	10	9	7	1.11111111111111	15.0590959113557
0.9	15	5	14	9	9	1.55555555555556	15.0521354892757
0.9	15	6	12	8	8	1.5	14.9398567845114
0.9	15	7	12	9	9	1.33333333333333	14.9058799192775
0.9	15	8	10	8	10	1.25	14.9216650904156
0.9	15	9	12	9	11	1.33333333333333	14.9250014503486
0.9	15	10	14	11	11	1.27272727272727	15.0933095469605
0.9	16	1	10	8	8	1.25	16.0122116589453
0.9	16	2	10	7	7	1.42857142857143	16.017916049622
0.9	16	3	11	9	9	1.22222222222222	15.9656681034714
0.9	16	4	10	9	8	1.11111111111111	16.036646214081
0.9	16	5	12	9	9	1.33333333333333	16.0748565053567
0.9	16	6	14	12	11	1.16666666666667	15.9364039914217
0.9	16	7	13	10	10	1.3	16.057343399711
0.9	16	8	12	9	9	1.33333333333333	15.9313101000153
0.9	16	9	14	11	11	1.27272727272727	15.9687074696645
0.9	16	10	11	8	8	1.375	16.0553851964884
0.9	17	1	8	7	7	1.14285714285714	16.9612580990884
0.9	17	2	8	7	6	1.14285714285714	17.083042467339
0.9	17	3	8	6	5	1.33333333333333	17.0569574326277
0.9	17	4	9	6	6	1.5	16.9986362914555
0.9	17	5	8	8	8	1	16.9335195378866
0.9	17	6	13	11	10	1.18181818181818	17.0701085276436
0.9	17	7	12	9	9	1.33333333333333	16.9179250147659
0.9	17	8	8	6	6	1.33333333333333	17.0279035724234
0.9	17	9	10	7	7	1.42857142857143	16.968966856692
0.9	17	10	11	8	9	1.375	16.9018443517853
0.9	18	1	9	7	7	1.28571428571429	17.9551146983635
0.9	18	2	10	7	7	1.42857142857143	17.9404018353205
0.9	18	3	10	10	10	1	17.9104362056125
0.9	18	4	11	8	9	1.375	17.9831868849229
0.9	18	5	16	10	9	1.6	17.9510689406656
0.9	18	6	11	8	8	1.375	18.0926345368382
0.9	18	7	9	9	7	1	17.9709058162291
0.9	18	8	11	9	9	1.22222222222222	17.925329115428
0.9	18	9	8	7	6	1.14285714285714	17.9102126734797
0.9	18	10	11	8	8	1.375	17.9772353240289
0.9	19	1	7	6	5	1.16666666666667	19.0367438702844
0.9	19	2	10	7	7	1.42857142857143	19.057910110848
0.9	19	3	7	7	7	1	18.9915467514191
0.9	19	4	13	9	9	1.44444444444444	19.0151775606442
0.9	19	5	13	10	10	1.3	18.9854854390025
0.9	19	6	12	9	9	1.33333333333333	18.9041018933989
0.9	19	7	11	8	8	1.375	19.0042270120233
0.9	19	8	10	8	8	1.25	18.9051242002752
0.9	19	9	11	7	7	1.57142857142857	18.9003707970027
0.9	19	10	12	8	8	1.5	18.9509198002983
0.9	20	1	10	9	8	1.11111111111111	19.9795763705391
0.9	20	2	10	9	10	1.11111111111111	20.0215821532533
0.9	20	3	8	6	7	1.33333333333333	19.9521922678687
0.9	20	4	8	7	7	1.14285714285714	20.0983582199086
0.9	20	5	11	8	8	1.375	19.9395504551008
0.9	20	6	10	8	9	1.25	19.9024193323683
0.9	20	7	11	8	8	1.375	19.9534742463846
0.9	20	8	10	8	8	1.25	20.0740091634914
0.9	20	9	10	8	8	1.25	19.9805347489659
0.9	20	10	12	8	8	1.5	19.9475892186631
